sale_date;year;month;customer_id;city;model;list_price;salesperson;sales_target;installments;discount_pct;discount_value;gifts;gift_cost;gross_revenue;net_margin
2025-01-03;2025;1;C002;Nova Mutum;X2;220000;V3;1900000;3;0.02;4400.0;K1;3000;215600.0;212600.0
2026-01-03;2026;1;C002;Nova Mutum;X2;220000;V3;1900000;3;0.0;0.0;K3,K2;6500;220000.0;213500.0
2023-11-01;2023;11;C004;Várzea Grande;X2;220000;V1;1500000;2;0.0;0.0;K3,K2;6500;220000.0;213500.0
2026-05-01;2026;5;C004;Várzea Grande;X3;280000;V1;1500000;1;0.02;5600.0;K1,K2;7500;274400.0;266900.0
2026-02-17;2026;2;C005;Cuiabá;X3;280000;V3;1900000;3;0.05;14000.0;K1,K2,K3;9500;266000.0;256500.0
2024-08-29;2024;8;C006;Cuiabá;X3;280000;V2;1700000;2;0.0;0.0;K2,K1,K3;9500;280000.0;270500.0
2025-08-29;2025;8;C006;Cuiabá;X1;200000;V3;1900000;2;0.02;4000.0;K3,K2;6500;196000.0;189500.0
2024-11-05;2024;11;C007;Cuiabá;X2;220000;V2;1700000;2;0.05;11000.0;K0;0;209000.0;209000.0
2025-11-05;2025;11;C007;Cuiabá;X3;280000;V5;2300000;1;0.02;5600.0;K0;0;274400.0;274400.0
2026-02-21;2026;2;C008;Diamantino;X1;200000;V1;1500000;2;0.0;0.0;K3,K1;5000;200000.0;195000.0
2025-08-06;2025;8;C009;Várzea Grande;X2;220000;V4;2100000;2;0.0;0.0;K3,K1,K2;9500;220000.0;210500.0
2023-08-07;2023;8;C010;Várzea Grande;X3;280000;V4;2100000;1;0.0;0.0;K2;4500;280000.0;275500.0
2024-08-06;2024;8;C010;Várzea Grande;X3;280000;V5;2300000;3;0.05;14000.0;K3,K2;6500;266000.0;259500.0
2025-08-06;2025;8;C010;Várzea Grande;X1;200000;V4;2100000;2;0.02;4000.0;K3;2000;196000.0;194000.0
2025-04-17;2025;4;C011;Cuiabá;X2;220000;V1;1500000;2;0.05;11000.0;K2;4500;209000.0;204500.0
2022-10-28;2022;10;C012;Nova Mutum;X3;280000;V2;1700000;2;0.05;14000.0;K2;4500;266000.0;261500.0
2025-04-27;2025;4;C012;Nova Mutum;X2;220000;V4;2100000;3;0.0;0.0;K2,K1;7500;220000.0;212500.0
2024-07-03;2024;7;C013;Diamantino;X2;220000;V4;2100000;2;0.02;4400.0;K1,K2;7500;215600.0;208100.0
;2025;2;C014;Cuiabá;X3;280000;V4;2100000;2;0.05;14000.0;K1,K3;5000;266000.0;261000.0
2026-02-03;2026;2;C014;Cuiabá;X3;280000;V1;1500000;1;0.0;0.0;K2;4500;280000.0;275500.0
2022-08-26;2022;8;C015;Cuiabá;X2;220000;V3;1900000;1;0.02;4400.0;K2,K3;6500;215600.0;209100.0
2025-02-23;2025;2;C015;Cuiabá;X3;280000;V5;2300000;1;0.0;0.0;K3;2000;280000.0;278000.0
2023-03-24;2023;3;C018;Várzea Grande;X1;200000;V5;2300000;3;0.0;0.0;K2,K3,K1;9500;200000.0;190500.0
2024-03-23;2024;3;C018;Várzea Grande;X3;280000;V1;1500000;1;0.0;0.0;K3;2000;280000.0;278000.0
2025-03-23;2025;3;C018;Várzea Grande;X3;280000;V4;2100000;3;0.02;5600.0;K3;2000;274400.0;272400.0
2026-03-23;2026;3;C018;Várzea Grande;X1;200000;V1;1500000;2;0.05;10000.0;K3,K1,K2;9500;190000.0;180500.0
2025-05-11;2025;5;C019;Várzea Grande;X3;280000;V3;1900000;2;0.0;0.0;K1,K2;7500;280000.0;272500.0
2026-05-11;2026;5;C019;Várzea Grande;X2;220000;V2;1700000;2;0.02;4400.0;K3,K2,K1;9500;215600.0;206100.0
2025-09-10;2025;9;C020;Cuiabá;X1;200000;V3;1900000;2;0.02;4000.0;K3,K2;6500;196000.0;189500.0
2022-07-13;2022;7;C021;Várzea Grande;X2;220000;V2;1700000;3;0.02;4400.0;K2,K3;6500;215600.0;209100.0
2023-06-11;2023;6;C022;Cuiabá;X2;220000;V5;2300000;1;0.0;0.0;K3,K2,K1;9500;220000.0;210500.0
2023-08-12;2023;8;C023;Cuiabá;X3;280000;V5;2300000;3;0.02;5600.0;K3,K2,K1;9500;274400.0;264900.0
2026-02-09;2026;2;;Cuiabá;X2;220000;V4;2100000;3;0.02;4400.0;K1,K3;5000;215600.0;210600.0
2023-06-14;2023;6;C024;Cuiabá;X3;280000;V2;1700000;1;0.0;0.0;;9500;280000.0;270500.0
2024-06-13;2024;6;C024;Cuiabá;X2;220000;V2;1700000;2;0.02;4400.0;K1,K3;5000;215600.0;210600.0
2022-09-04;2022;9;C025;Várzea Grande;X1;200000;V4;2100000;3;0.0;0.0;K0;0;200000.0;200000.0
2025-03-04;2025;3;;Várzea Grande;X2;220000;V4;2100000;2;0.02;4400.0;K2;4500;215600.0;211100.0
2024-08-13;2024;8;C026;Várzea Grande;X3;280000;V1;1500000;1;0.0;0.0;K2,K1,K3;9500;280000.0;270500.0
2025-08-13;2025;8;C026;Várzea Grande;X2;220000;V5;2300000;2;0.05;11000.0;K2,K3,K1;9500;209000.0;199500.0
2022-12-05;2022;12;C028;Várzea Grande;X1;200000;V3;1900000;1;0.05;10000.0;K0;0;190000.0;190000.0
2025-06-04;2025;6;C028;Várzea Grande;X3;280000;V1;1500000;2;0.0;0.0;K0;0;280000.0;280000.0
2024-11-23;2024;11;C029;Várzea Grande;X1;200000;V2;1700000;2;0.02;4000.0;K2,K1,K3;9500;196000.0;186500.0
2025-11-16;2025;11;C030;Cuiabá;X1;200000;V4;2100000;1;0.0;0.0;K1,K2,K3;9500;200000.0;190500.0
2022-09-15;2022;9;C031;Várzea Grande;X3;280000;V5;2300000;3;0.02;5600.0;K2;4500;274400.0;269900.0
2024-09-14;2024;9;C031;Várzea Grande;X2;220000;V3;1900000;2;0.05;11000.0;K1,K3;5000;209000.0;204000.0
2025-08-08;2025;8;C034;Nova Mutum;X2;220000;V5;2300000;3;0.05;11000.0;K1,K2;7500;209000.0;201500.0
2025-01-02;2025;1;C035;Nova Mutum;X3;280000;V1;1500000;2;0.0;0.0;K3,K2;6500;280000.0;273500.0
2023-10-14;2023;10;C037;Cuiabá;X2;220000;V5;2300000;3;0.0;0.0;K1,K3;5000;220000.0;215000.0
2024-10-13;2024;10;C037;Cuiabá;X2;220000;V4;2100000;2;0.0;0.0;K3,K1;5000;220000.0;215000.0
2025-10-13;2025;10;C037;Cuiabá;X3;280000;V4;2100000;3;0.0;0.0;K0;0;280000.0;280000.0
2026-05-08;2026;5;C038;Cuiabá;X3;280000;V4;2100000;1;0.0;0.0;K2;4500;280000.0;275500.0
2024-01-03;2024;1;C039;Várzea Grande;X2;220000;V4;2100000;3;0.0;0.0;K1,K2,K3;9500;220000.0;210500.0
2026-01-02;2026;1;C039;Várzea Grande;X1;200000;V1;1500000;1;0.02;4000.0;K3,K2;6500;196000.0;189500.0
2023-12-16;2023;12;C040;Várzea Grande;X3;280000;V4;2100000;3;0.0;0.0;K2,K3,K1;9500;280000.0;270500.0
2025-12-15;2025;12;C040;Várzea Grande;X2;220000;V4;2100000;2;0.02;4400.0;K1,K2,K3;9500;215600.0;206100.0
2022-08-13;2022;8;C041;Cuiabá;X2;220000;V4;2100000;3;0.05;11000.0;K1,K3;5000;209000.0;204000.0
2024-08-12;2024;8;C041;Cuiabá;X2;220000;V1;1500000;3;0.02;4400.0;K0;0;215600.0;215600.0
2022-10-16;2022;10;C043;Cuiabá;X2;220000;V5;2300000;2;0.05;11000.0;K1,K2,K3;9500;209000.0;199500.0
2023-10-16;2023;10;C043;Cuiabá;X2;220000;V5;2300000;1;0.0;0.0;K0;0;220000.0;220000.0
2024-10-15;2024;10;C043;Cuiabá;X2;220000;V2;1700000;2;0.05;11000.0;K0;0;209000.0;209000.0
2025-10-15;2025;10;C043;Cuiabá;X3;280000;V1;1500000;2;0.02;5600.0;K2,K1,K3;9500;274400.0;264900.0
2022-09-07;2022;9;C044;Nova Mutum;X1;200000;V2;1700000;1;0.05;10000.0;K3,K1,K2;9500;190000.0;180500.0
2023-09-21;2023;9;C045;Cuiabá;X1;200000;V4;2100000;2;0.05;10000.0;K2,K1;7500;190000.0;182500.0
2024-09-20;2024;9;C045;Cuiabá;X3;280000;V5;2300000;2;0.0;0.0;K0;0;280000.0;280000.0
2025-09-20;2025;9;C045;Cuiabá;X3;280000;V3;1900000;1;0.05;14000.0;K2,K3,K1;9500;266000.0;256500.0
2022-12-20;2022;12;C046;Várzea Grande;X3;280000;V3;1900000;2;0.05;14000.0;K3;2000;266000.0;264000.0
2023-12-20;2023;12;C046;Várzea Grande;X3;280000;V1;1500000;1;0.05;14000.0;K1,K2;7500;266000.0;258500.0
2024-12-19;2024;12;C046;Várzea Grande;X3;280000;V3;1900000;2;0.05;14000.0;K1,K3,K2;9500;266000.0;256500.0
2024-01-10;2024;1;C048;Várzea Grande;X1;200000;V2;1700000;2;0.05;10000.0;K3,K2,K1;9500;190000.0;180500.0
2025-01-09;2025;1;C048;Várzea Grande;X2;220000;V3;1900000;1;0.05;11000.0;K2;4500;209000.0;204500.0
2025-06-30;2025;6;C049;Várzea Grande;X1;200000;V3;1900000;2;0.05;10000.0;K0;0;190000.0;190000.0
2024-06-08;2024;6;C050;Cuiabá;X3;280000;V4;2100000;1;0.05;14000.0;K3;2000;266000.0;264000.0
2025-01-05;2025;1;C051;Nova Mutum;X3;280000;V3;1900000;3;0.05;14000.0;K1,K2,K3;9500;266000.0;256500.0
2022-07-31;2022;7;C053;Nova Mutum;X1;200000;V2;1700000;3;0.05;10000.0;K2,K3;6500;190000.0;183500.0
2023-07-31;2023;7;C053;Nova Mutum;X3;280000;V5;2300000;2;0.02;5600.0;K3,K1;5000;274400.0;269400.0
2024-07-30;2024;7;C053;Nova Mutum;X2;220000;V1;1500000;2;0.05;11000.0;K2;4500;209000.0;204500.0
2025-07-30;2025;7;C053;Nova Mutum;X2;220000;V1;1500000;2;0.05;11000.0;K3,K2,K1;9500;209000.0;199500.0
2024-12-02;2024;12;C055;Várzea Grande;X3;280000;V5;2300000;2;0.0;0.0;K0;0;280000.0;280000.0
2025-07-15;2025;7;C056;Nova Mutum;X3;280000;V2;1700000;1;0.99;14000.0;K2;4500;266000.0;261500.0
2025-09-17;2025;9;C057;Cuiabá;X1;200000;V2;1700000;3;0.05;10000.0;K1;3000;190000.0;187000.0
2022-07-07;2022;7;C058;Cuiabá;X1;200000;V5;2300000;1;0.02;4000.0;K0;0;196000.0;196000.0
2024-07-06;2024;7;C058;Cuiabá;X1;200000;V4;2100000;3;0.05;10000.0;K0;0;190000.0;190000.0
2022-09-23;2022;9;C059;Cuiabá;X3;280000;V5;2300000;2;0.0;0.0;K1,K3,K2;9500;280000.0;270500.0
2023-09-23;2023;9;C059;Cuiabá;X1;200000;V1;1500000;2;0.02;4000.0;K3,K1;5000;196000.0;191000.0
2024-09-22;2024;9;C059;Cuiabá;X2;220000;V1;1500000;2;0.0;0.0;K1,K3,K2;9500;220000.0;210500.0
2025-09-22;2025;9;C059;Cuiabá;X3;280000;V5;2300000;2;0.05;14000.0;K3,K2;6500;266000.0;259500.0
2026-04-22;2026;4;C061;Cuiabá;X3;280000;V2;1700000;2;0.02;5600.0;K2;4500;274400.0;269900.0
2024-11-29;2024;11;C062;Cuiabá;X2;220000;V4;2100000;1;0.02;4400.0;K1,K2;7500;215600.0;208100.0
2022-11-22;2022;11;C063;Diamantino;X2;220000;V2;1700000;3;0.05;11000.0;K0;0;209000.0;209000.0
2025-05-22;2025;5;C063;Diamantino;X3;280000;V3;1900000;2;0.05;14000.0;K0;0;266000.0;266000.0
2025-03-20;2025;3;C065;Cuiabá;X1;200000;V1;1500000;3;0.02;4000.0;K2;4500;196000.0;191500.0
2025-11-09;2025;11;C066;Várzea Grande;X1;200000;V5;2300000;2;0.05;10000.0;K1;3000;190000.0;187000.0
2024-04-10;2024;4;C067;Cuiabá;X1;200000;V5;2300000;3;0.05;10000.0;K1;3000;190000.0;187000.0
2025-05-06;2025;5;C069;Cuiabá;X2;220000;V2;1700000;1;0.02;4400.0;K2,K1,K3;9500;215600.0;206100.0
2026-05-06;2026;5;C069;Cuiabá;X3;280000;V1;1500000;2;0.05;14000.0;K0;0;266000.0;266000.0
2024-11-08;2024;11;C070;Nova Mutum;X2;220000;V4;2100000;1;0.02;4400.0;K1,K2,K3;9500;215600.0;206100.0
2023-12-17;2023;12;C071;Várzea Grande;X3;280000;V3;1900000;1;0.0;0.0;K3,K1;5000;280000.0;275000.0
2024-12-16;2024;12;C071;Várzea Grande;X1;200000;V2;1700000;2;0.02;4000.0;K1,K3;5000;196000.0;191000.0
2025-12-16;2025;12;;Várzea Grande;X1;200000;V2;1700000;2;0.02;4000.0;K3,K2,K1;9500;196000.0;186500.0
2022-08-10;2022;8;C072;Cuiabá;X1;200000;V3;1900000;1;0.05;10000.0;K2,K3,K1;9500;190000.0;180500.0
2024-08-09;2024;8;C072;Cuiabá;X2;220000;V2;1700000;1;0.05;11000.0;K2,K1,K3;9500;209000.0;199500.0
2023-09-26;2023;9;C073;Cuiabá;X1;200000;V4;2100000;1;0.02;4000.0;K2;4500;196000.0;191500.0
2025-12-02;2025;12;C074;Diamantino;X2;220000;V3;1900000;1;0.05;11000.0;K1;3000;209000.0;206000.0
2023-10-22;2023;10;C075;Várzea Grande;X3;280000;V1;1500000;3;0.0;0.0;K3,K2;6500;280000.0;273500.0
2024-10-21;2024;10;C075;Várzea Grande;X3;280000;V5;2300000;1;0.02;5600.0;K2;4500;274400.0;269900.0
2025-10-21;2025;10;C075;Várzea Grande;X3;280000;V3;1900000;2;0.02;5600.0;K0;0;274400.0;274400.0
2025-03-20;2025;3;C076;Várzea Grande;X1;200000;V1;1500000;1;0.02;4000.0;K3;2000;196000.0;194000.0
2025-10-26;2025;10;C077;Várzea Grande;X3;280000;V5;2300000;2;0.05;14000.0;K0;0;266000.0;266000.0
2024-03-04;2024;3;C078;Cuiabá;X1;200000;V4;2100000;1;0.0;0.0;K1,K3,K2;9500;200000.0;190500.0
2026-03-04;2026;3;C078;Cuiabá;X2;220000;V5;2300000;2;0.05;11000.0;K2,K3;6500;209000.0;202500.0
2026-03-06;2026;3;C079;Cuiabá;X3;280000;V3;1900000;3;0.0;0.0;K3;2000;280000.0;278000.0
2024-07-15;2024;7;C080;Cuiabá;X3;280000;V5;2300000;3;0.0;0.0;K3;2000;280000.0;278000.0
2025-12-23;2025;12;C082;Várzea Grande;X3;280000;V5;2300000;2;0.0;0.0;K2,K1,K3;9500;280000.0;270500.0
2025-02-04;2025;2;C083;Cuiabá;X1;200000;V1;1500000;3;0.02;4000.0;K0;0;196000.0;196000.0
2025-04-28;2025;4;C084;Cuiabá;X3;280000;V2;1700000;1;0.05;14000.0;K1;3000;266000.0;263000.0
2026-04-28;2026;4;C084;Cuiabá;X3;280000;V2;1700000;2;0.05;14000.0;K2;4500;266000.0;261500.0
2026-03-01;2026;3;C085;Cuiabá;X3;280000;V3;1900000;1;0.05;14000.0;K3;2000;266000.0;264000.0
2024-12-31;2024;12;C086;Cuiabá;X3;280000;V5;2300000;1;0.02;5600.0;K2,K3;6500;274400.0;267900.0
2022-08-30;2022;8;C087;Várzea Grande;X3;280000;V1;1500000;2;0.05;14000.0;K0;0;266000.0;266000.0
2023-04-09;2023;4;C088;Várzea Grande;X1;200000;V4;2100000;2;0.0;0.0;K2,K1;7500;200000.0;192500.0
2025-03-09;2025;3;C089;Diamantino;X1;200000;V3;1900000;2;0.0;0.0;K0;0;200000.0;200000.0
2022-12-04;2022;12;C090;Várzea Grande;X1;999999;V2;1700000;3;0.0;0.0;K3,K1;5000;200000.0;195000.0
2023-12-04;2023;12;C090;Várzea Grande;X3;280000;V1;1500000;2;0.0;0.0;K0;0;280000.0;280000.0
2024-12-03;2024;12;C090;Várzea Grande;X1;200000;V5;2300000;1;0.05;10000.0;K2;4500;190000.0;185500.0
2025-12-03;2025;12;C090;Várzea Grande;X1;200000;V2;1700000;2;0.02;4000.0;K1;3000;196000.0;193000.0
2025-09-19;2025;9;C091;Cuiabá;X3;280000;V2;1700000;3;0.05;14000.0;K2,K1;7500;266000.0;258500.0
2024-05-07;2024;5;C092;Várzea Grande;X3;280000;V1;1500000;3;0.05;14000.0;K3;2000;266000.0;264000.0
2025-03-20;2025;3;C093;Várzea Grande;X1;200000;V4;2100000;3;0.02;4000.0;K0;0;196000.0;196000.0
2026-03-20;2026;3;C093;Várzea Grande;X2;220000;V3;1900000;2;0.05;11000.0;K0;0;209000.0;209000.0
2022-10-01;2022;10;C094;Várzea Grande;X3;280000;V1;1500000;2;0.05;14000.0;K1;3000;266000.0;263000.0
2025-03-31;2025;3;C094;Várzea Grande;X3;280000;V2;1700000;1;0.05;14000.0;K2,K1,K3;9500;266000.0;256500.0
2024-12-08;2024;12;C095;Várzea Grande;X1;200000;V1;1500000;1;0.02;4000.0;K2,K3,K1;9500;196000.0;186500.0
2025-12-30;2025;12;C096;Várzea Grande;X1;200000;V3;1900000;2;0.02;4000.0;K0;0;196000.0;196000.0
2024-07-15;2024;7;C097;Várzea Grande;X3;280000;V4;2100000;2;0.02;5600.0;K3;2000;274400.0;272400.0
2023-05-20;2023;5;C098;Várzea Grande;X1;200000;V3;1900000;1;0.05;10000.0;K2,K3;6500;190000.0;183500.0
2025-05-19;2025;5;C098;Várzea Grande;X2;220000;V4;2100000;1;0.0;0.0;K2,K3,K1;9500;220000.0;210500.0
2024-05-29;2024;5;C099;Cuiabá;X1;200000;V1;1500000;1;0.0;0.0;K1;3000;200000.0;197000.0
2023-09-11;2023;9;C100;Cuiabá;X2;220000;V5;2300000;2;0.0;0.0;K2,K3,K1;9500;220000.0;210500.0
2025-09-10;2025;9;C100;Cuiabá;X3;280000;V2;1700000;1;0.05;14000.0;K2,K3;6500;266000.0;259500.0
2023-01-03;2023;1;C101;Cuiabá;X3;280000;V4;2100000;2;0.05;14000.0;K0;0;266000.0;266000.0
2025-07-03;2025;7;C101;Cuiabá;X3;280000;V4;2100000;1;0.0;0.0;K2,K1,K3;9500;280000.0;270500.0
2022-10-14;2022;10;C102;Várzea Grande;X2;220000;V1;1500000;2;0.05;11000.0;K2,K1,K3;9500;209000.0;199500.0
2025-04-13;2025;4;C102;Várzea Grande;X3;280000;V2;1700000;1;0.02;5600.0;K1;3000;274400.0;271400.0
2025-06-23;2025;6;C104;Várzea Grande;X3;280000;V2;1700000;1;0.05;14000.0;K0;0;266000.0;266000.0
2024-02-08;2024;2;C105;Nova Mutum;X2;220000;V5;2300000;3;0.02;4400.0;K1,K3,K2;9500;215600.0;206100.0
2022-10-14;2022;10;C106;Cuiabá;X2;220000;V2;1700000;3;0.05;11000.0;K2;4500;209000.0;204500.0
2024-10-13;2024;10;C106;Cuiabá;X1;200000;V1;1500000;2;0.05;10000.0;K1,K3;5000;190000.0;185000.0
2026-05-07;2026;5;C107;Cuiabá;X3;280000;V3;1900000;3;0.0;0.0;K3;2000;280000.0;278000.0
2023-11-29;2023;11;C108;Várzea Grande;X3;280000;V1;1500000;3;0.05;14000.0;K3,K1,K2;9500;266000.0;256500.0
2024-11-28;2024;11;C108;Várzea Grande;X3;280000;V3;1900000;1;0.05;14000.0;K0;0;266000.0;266000.0
2025-12-19;2025;12;C109;Cuiabá;X1;200000;V5;2300000;2;0.02;4000.0;K0;0;196000.0;196000.0
2025-11-20;2025;11;C110;Cuiabá;X2;220000;V4;2100000;3;0.0;0.0;K2,K1;7500;220000.0;212500.0
2022-09-15;2022;9;C111;Cuiabá;X2;220000;V2;1700000;3;0.02;4400.0;K3,K2;6500;215600.0;209100.0
2024-09-14;2024;9;C111;Cuiabá;X2;220000;V4;2100000;1;0.0;0.0;K3,K1,K2;9500;220000.0;210500.0
2024-12-26;2024;12;C112;Cuiabá;X1;200000;V1;1500000;1;0.0;0.0;K3,K2;6500;200000.0;193500.0
2023-06-08;2023;6;C113;Nova Mutum;X3;280000;V4;2100000;2;0.02;5600.0;K1,K3;5000;274400.0;269400.0
2024-06-07;2024;6;C113;;X1;200000;V2;1700000;2;0.05;10000.0;K1;3000;190000.0;187000.0
2025-06-07;2025;6;C113;Nova Mutum;X3;280000;V4;2100000;1;0.02;5600.0;K0;0;274400.0;274400.0
2024-10-14;2024;10;C114;Diamantino;X2;220000;V4;2100000;2;0.02;4400.0;K0;0;215600.0;215600.0
2025-07-09;2025;7;C115;Várzea Grande;X1;200000;V4;2100000;1;0.05;10000.0;K2,K1,K3;9500;190000.0;180500.0
2024-07-30;2024;7;C116;Diamantino;X3;280000;V3;1900000;1;0.0;0.0;K3,K2,K1;9500;280000.0;270500.0
2022-08-03;2022;8;C117;Diamantino;X2;220000;V5;2300000;3;0.02;4400.0;K3,K1,K2;9500;215600.0;206100.0
2024-08-02;2024;8;C117;Diamantino;X2;220000;V5;2300000;2;0.05;11000.0;K2,K3,K1;9500;209000.0;199500.0
2022-06-19;2022;6;C118;Cuiabá;X2;220000;V5;2300000;3;0.02;4400.0;K0;0;215600.0;215600.0
2023-06-19;2023;6;C118;Cuiabá;X3;280000;V5;2300000;3;0.05;14000.0;K1,K2,K3;9500;266000.0;256500.0
2024-06-18;2024;6;C118;Cuiabá;X3;280000;V4;2100000;3;0.0;0.0;K3;2000;280000.0;278000.0
2022-06-23;2022;6;C119;Diamantino;X2;220000;V2;1700000;3;0.02;4400.0;K3,K1,K2;9500;215600.0;206100.0
2024-12-21;2024;12;C119;Diamantino;X2;220000;V4;2100000;3;0.05;11000.0;K1,K2;7500;209000.0;201500.0
2024-04-16;2024;4;C120;Várzea Grande;X3;280000;V3;1900000;2;0.05;14000.0;K1;3000;266000.0;263000.0
2026-04-16;2026;4;C120;Várzea Grande;X1;200000;V3;1900000;2;0.02;4000.0;K3,K2,K1;9500;196000.0;186500.0
2024-04-29;2024;4;C121;Diamantino;X3;280000;V3;1900000;3;0.02;5600.0;K0;0;274400.0;274400.0
2026-04-29;2026;4;C121;Diamantino;X2;220000;V4;2100000;3;0.02;4400.0;K1,K2;7500;215600.0;208100.0
2022-10-24;2022;10;C122;Diamantino;X2;220000;V4;2100000;1;0.0;0.0;K2,K3,K1;9500;220000.0;210500.0
2025-04-23;2025;4;C122;Diamantino;X3;280000;V2;1700000;3;0.0;0.0;K0;0;280000.0;280000.0
2025-05-07;2025;5;C123;Cuiabá;X1;200000;V4;2100000;1;0.02;4000.0;K3;2000;196000.0;194000.0
2023-04-04;2023;4;C124;Cuiabá;X2;220000;V4;2100000;3;0.05;11000.0;K2,K3;6500;209000.0;202500.0
2022-11-15;2022;11;C125;Cuiabá;X3;280000;V1;1500000;2;0.0;0.0;K1;3000;280000.0;277000.0
2024-11-14;2024;11;C125;Cuiabá;X1;200000;V3;1900000;2;0.0;0.0;K0;0;200000.0;200000.0
2024-04-01;2024;4;C126;Várzea Grande;X3;280000;V5;2300000;1;0.02;5600.0;K2,K3,K1;9500;274400.0;264900.0
2025-04-01;2025;4;C126;Várzea Grande;X3;280000;V4;2100000;2;0.05;14000.0;K1,K3,K2;9500;266000.0;256500.0
2026-04-01;2026;4;C126;Várzea Grande;X1;200000;V2;1700000;1;0.05;10000.0;K3,K2;6500;190000.0;183500.0
2025-01-17;2025;1;;Diamantino;X2;220000;V4;2100000;3;0.0;0.0;K2,K3;6500;220000.0;213500.0
2026-01-17;2026;1;C127;Diamantino;X1;200000;V3;1900000;2;0.05;10000.0;K1,K3,K2;9500;190000.0;180500.0
2024-02-03;2024;2;C128;Diamantino;X3;280000;V3;1900000;3;0.99;14000.0;K0;0;266000.0;266000.0
2024-01-10;2024;1;C129;Cuiabá;X1;200000;V4;2100000;3;0.0;0.0;K3,K2,K1;9500;200000.0;190500.0
2026-03-09;2026;3;C130;Várzea Grande;X1;200000;V5;2300000;1;0.02;4000.0;K3;2000;196000.0;194000.0
2022-09-19;2022;9;C131;Cuiabá;X1;200000;V5;2300000;3;0.05;10000.0;K2;4500;190000.0;185500.0
2024-09-18;2024;9;C131;Cuiabá;X3;280000;V2;1700000;2;0.05;14000.0;K3;2000;266000.0;264000.0
2022-09-06;2022;9;C132;Cuiabá;X2;220000;V5;2300000;2;0.0;0.0;K2,K1,K3;9500;220000.0;210500.0
2025-03-06;2025;3;C132;Cuiabá;X3;280000;V2;1700000;1;0.05;14000.0;K0;0;266000.0;266000.0
2025-01-06;2025;1;C134;Cuiabá;X1;200000;V4;2100000;1;0.02;4000.0;K2,K3;6500;196000.0;189500.0
2025-05-24;2025;5;C135;Nova Mutum;X1;200000;V2;1700000;1;0.05;10000.0;K1,K3,K2;9500;190000.0;180500.0
2024-01-17;2024;1;C136;Cuiabá;X2;220000;V5;2300000;2;0.02;4400.0;K2;4500;215600.0;211100.0
2026-01-16;2026;1;C136;Cuiabá;X1;200000;V1;1500000;1;0.0;0.0;K1,K3,K2;9500;200000.0;190500.0
2022-12-08;2022;12;C137;Várzea Grande;X3;280000;V1;1500000;2;0.0;0.0;K0;0;280000.0;280000.0
2024-12-07;2024;12;C137;Várzea Grande;X3;280000;V2;1700000;3;0.0;0.0;K2,K1,K3;9500;280000.0;270500.0
2025-09-21;2025;9;C138;Várzea Grande;X1;200000;V3;1900000;1;0.0;0.0;K2,K3;6500;200000.0;193500.0
2023-05-09;2023;5;C139;Cuiabá;X2;220000;V1;1500000;1;0.02;4400.0;K2,K3,K1;9500;215600.0;206100.0
2024-05-08;2024;5;C139;Cuiabá;X1;200000;V5;2300000;3;0.02;4000.0;K2;4500;196000.0;191500.0
2024-12-19;2024;12;C140;Nova Mutum;X2;220000;V5;2300000;1;0.05;11000.0;K1,K2;7500;209000.0;201500.0
2024-03-22;2024;3;C141;Nova Mutum;X2;220000;V1;1500000;2;0.05;11000.0;K2;4500;209000.0;204500.0
2026-03-22;2026;3;C141;Nova Mutum;X3;280000;V1;1500000;1;0.0;0.0;K3,K1,K2;9500;280000.0;270500.0
2024-03-27;2024;3;C142;Cuiabá;X1;200000;V2;1700000;3;0.05;10000.0;K0;0;190000.0;190000.0
2025-03-27;2025;3;C142;Cuiabá;X2;220000;V2;1700000;2;0.05;11000.0;K1,K2;7500;209000.0;201500.0
2026-03-27;2026;3;C142;Cuiabá;X3;280000;V3;1900000;2;0.02;5600.0;K3,K2;6500;274400.0;267900.0
2022-12-03;2022;12;C143;Várzea Grande;X2;220000;V2;1700000;3;0.02;4400.0;K1,K3;5000;215600.0;210600.0
2023-11-01;2023;11;C144;Cuiabá;X3;999999;V4;2100000;1;0.02;5600.0;K2;4500;274400.0;269900.0
2024-10-31;2024;10;C144;Cuiabá;X1;200000;V4;2100000;2;0.05;10000.0;K2,K3;6500;190000.0;183500.0
2025-10-31;2025;10;C144;Cuiabá;X2;220000;V2;1700000;3;0.0;0.0;K3;2000;220000.0;218000.0
2022-09-13;2022;9;C145;Cuiabá;X1;200000;V1;1500000;1;0.0;0.0;K3;2000;200000.0;198000.0
2023-03-21;2023;3;C146;Cuiabá;X2;220000;V1;1500000;3;0.05;11000.0;K2,K1,K3;9500;209000.0;199500.0
2025-09-18;2025;9;C146;Cuiabá;X1;200000;V1;1500000;1;0.05;10000.0;K2,K1,K3;9500;190000.0;180500.0
2022-12-21;2022;12;C147;Várzea Grande;X1;200000;V2;1700000;1;0.05;10000.0;K2,K3;6500;190000.0;183500.0
2023-12-21;2023;12;C147;Várzea Grande;X2;220000;V4;2100000;3;0.05;11000.0;K1,K2,K3;9500;209000.0;199500.0
2024-12-20;2024;12;C147;Várzea Grande;X3;280000;V1;1500000;1;0.0;0.0;K2,K3;6500;280000.0;273500.0
2025-12-20;2025;12;C147;Várzea Grande;X3;280000;V2;1700000;3;0.0;0.0;K3,K2;6500;280000.0;273500.0
2022-08-11;2022;8;C148;Várzea Grande;X3;280000;V5;2300000;3;0.02;5600.0;K1;3000;274400.0;271400.0
2025-02-08;2025;2;C148;Várzea Grande;X3;280000;V5;2300000;1;0.05;14000.0;K0;0;266000.0;266000.0
2024-02-19;2024;2;C149;Cuiabá;X1;200000;V4;2100000;1;0.0;0.0;K3;2000;200000.0;198000.0
2026-02-18;2026;2;C149;Cuiabá;X2;220000;V5;2300000;1;0.02;4400.0;K1,K3,K2;9500;215600.0;206100.0
2022-12-02;2022;12;C150;Cuiabá;X2;220000;V5;2300000;2;0.05;11000.0;K1,K2;7500;209000.0;201500.0
2025-06-01;2025;6;C150;Cuiabá;X2;220000;V5;2300000;3;0.02;4400.0;K3;2000;215600.0;213600.0
2026-01-28;2026;1;C151;Nova Mutum;X2;220000;V2;1700000;1;0.05;11000.0;K0;0;209000.0;209000.0
2023-11-15;2023;11;C152;Cuiabá;X3;280000;V2;1700000;1;0.05;14000.0;K2,K1;7500;266000.0;258500.0
2024-02-06;2024;2;C153;Cuiabá;X1;200000;V2;1700000;1;0.0;0.0;K2,K3;6500;200000.0;193500.0
2024-05-09;2024;5;C154;Várzea Grande;X2;220000;V4;2100000;3;0.0;0.0;K2,K1;7500;220000.0;212500.0
2023-09-25;2023;9;C155;Nova Mutum;X2;220000;V2;1700000;1;0.0;0.0;K2,K3;6500;220000.0;213500.0
2024-10-22;2024;10;C156;Cuiabá;X1;200000;V3;1900000;2;0.02;4000.0;K3,K2,K1;9500;196000.0;186500.0
2024-08-03;2024;8;C158;Várzea Grande;X2;220000;V4;2100000;2;0.02;4400.0;K3,K1,K2;9500;215600.0;206100.0
2023-07-01;2023;7;C159;Cuiabá;X2;220000;V3;1900000;2;0.02;4400.0;K1,K2,K3;9500;215600.0;206100.0
2024-06-30;2024;6;C159;Cuiabá;X2;220000;V3;1900000;3;0.0;0.0;K3,K1,K2;9500;220000.0;210500.0
2025-06-30;2025;6;C159;Cuiabá;X3;280000;V2;1700000;1;0.02;5600.0;K1,K2,K3;9500;274400.0;264900.0
2025-12-03;2025;12;C160;Várzea Grande;X1;200000;V4;2100000;2;0.02;4000.0;K0;0;196000.0;196000.0
2025-09-21;2025;9;C161;Cuiabá;X3;280000;V4;2100000;2;0.05;14000.0;K0;0;266000.0;266000.0
2025-05-19;2025;5;C162;Várzea Grande;X1;200000;V2;1700000;3;0.05;10000.0;K3;2000;190000.0;188000.0
2022-08-14;2022;8;C163;Várzea Grande;X3;280000;V4;2100000;1;0.02;5600.0;K1;3000;274400.0;271400.0
2025-02-11;2025;2;C163;Várzea Grande;X3;280000;V5;2300000;2;0.05;14000.0;K2,K3;6500;266000.0;259500.0
2026-03-07;2026;3;C164;Várzea Grande;X2;220000;V1;1500000;2;0.02;4400.0;K0;0;215600.0;215600.0
2022-11-07;2022;11;C165;Cuiabá;X1;200000;V3;1900000;2;0.02;4000.0;K1,K2;7500;196000.0;188500.0
2024-11-06;2024;11;C165;Cuiabá;X2;220000;V4;2100000;2;0.02;4400.0;K0;0;215600.0;215600.0
2023-01-06;2023;1;C166;Diamantino;X1;200000;V2;1700000;3;0.05;10000.0;K1,K3,K2;9500;190000.0;180500.0
2025-07-06;2025;7;C166;Diamantino;X2;220000;V2;1700000;3;0.02;4400.0;K3;2000;215600.0;213600.0
2024-10-17;2024;10;C167;Cuiabá;X1;200000;V4;2100000;1;0.05;10000.0;K1,K3;5000;190000.0;185000.0
2023-12-07;2023;12;C168;Cuiabá;X1;200000;V5;2300000;2;0.0;0.0;K2,K1;7500;200000.0;192500.0
2025-10-31;2025;10;C170;Várzea Grande;X2;220000;V5;2300000;3;0.05;11000.0;K0;0;209000.0;209000.0
2023-02-14;2023;2;C171;Várzea Grande;X1;200000;V2;1700000;3;0.02;4000.0;K2,K3,K1;9500;196000.0;186500.0
2024-02-14;2024;2;C171;Várzea Grande;X1;200000;V4;2100000;1;0.05;10000.0;K1,K2,K3;9500;190000.0;180500.0
2025-02-13;2025;2;C171;Várzea Grande;X2;220000;V5;2300000;1;0.0;0.0;K2;4500;220000.0;215500.0
2026-02-13;2026;2;C171;Várzea Grande;X2;220000;V5;2300000;2;0.05;11000.0;K3,K2;6500;209000.0;202500.0
2025-02-09;2025;2;C172;Cuiabá;X1;200000;V3;1900000;2;0.0;0.0;K3;2000;200000.0;198000.0
2023-01-02;2023;1;C173;Várzea Grande;X3;280000;V3;1900000;3;0.05;14000.0;K0;0;266000.0;266000.0
2024-01-02;2024;1;C173;Várzea Grande;X1;200000;V4;2100000;2;0.0;0.0;K1,K2;7500;200000.0;192500.0
2025-01-01;2025;1;C173;Várzea Grande;X1;200000;V4;2100000;3;0.0;0.0;K3;2000;200000.0;198000.0
2026-01-01;2026;1;C173;Várzea Grande;X3;280000;V5;2300000;1;0.05;14000.0;K3;2000;266000.0;264000.0
2022-09-14;2022;9;C174;Cuiabá;X3;280000;V5;2300000;3;0.0;0.0;K2,K3,K1;9500;280000.0;270500.0
2025-03-14;2025;3;C174;Cuiabá;X3;280000;V1;1500000;3;0.0;0.0;K2;4500;280000.0;275500.0
2023-02-11;2023;2;C175;Várzea Grande;X1;200000;V4;2100000;2;0.02;4000.0;K3,K2,K1;9500;196000.0;186500.0
2025-08-11;2025;8;C175;Várzea Grande;X3;280000;V1;1500000;2;0.02;5600.0;K2,K3,K1;9500;274400.0;264900.0
2025-08-19;2025;8;C176;Cuiabá;X3;280000;V1;1500000;3;0.05;14000.0;K3,K2,K1;9500;266000.0;256500.0
2024-08-07;2024;8;C177;Várzea Grande;X1;200000;V4;2100000;3;0.02;4000.0;K2,K1;7500;196000.0;188500.0
2024-12-12;2024;12;C179;Nova Mutum;X1;200000;V4;2100000;2;0.02;4000.0;K0;0;196000.0;196000.0
2024-01-24;2024;1;C180;Cuiabá;X2;220000;V1;1500000;3;0.05;11000.0;K1,K2;7500;209000.0;201500.0
2025-01-23;2025;1;C180;Cuiabá;X1;200000;V1;1500000;3;0.02;4000.0;K3,K1,K2;9500;196000.0;186500.0
2022-11-26;2022;11;C181;Cuiabá;X1;200000;V5;2300000;3;0.0;0.0;K1;3000;200000.0;197000.0
2025-05-26;2025;5;C181;Cuiabá;X1;200000;V4;2100000;2;0.05;10000.0;K1,K3;5000;190000.0;185000.0
2024-02-16;2024;2;C183;Nova Mutum;X2;220000;V2;1700000;3;0.05;11000.0;K3;2000;209000.0;207000.0
2022-06-02;2022;6;C184;Diamantino;X2;220000;V2;1700000;1;0.05;11000.0;K3,K2;6500;209000.0;202500.0
2024-07-10;2024;7;C186;Várzea Grande;X1;0;V2;1700000;1;0.02;4000.0;K0;0;196000.0;196000.0
2025-07-10;2025;7;C186;Várzea Grande;X3;280000;V5;2300000;3;0.02;5600.0;K0;0;274400.0;274400.0
2024-01-23;2024;1;C187;Diamantino;X1;200000;V4;2100000;1;0.02;4000.0;K0;0;196000.0;196000.0
2025-01-22;2025;1;C187;Diamantino;X1;200000;V2;1700000;3;0.02;4000.0;K0;0;196000.0;196000.0
2026-01-22;2026;1;C187;Diamantino;X1;200000;V3;1900000;2;0.02;4000.0;K3,K2;6500;196000.0;189500.0
2025-06-07;2025;6;C188;Várzea Grande;X1;200000;V1;1500000;1;0.05;10000.0;K0;0;190000.0;190000.0
2023-11-03;2023;11;C189;Várzea Grande;X2;220000;V5;2300000;1;0.02;4400.0;K3,K2;6500;215600.0;209100.0
2024-11-02;2024;11;C189;Várzea Grande;X3;280000;V5;2300000;1;0.0;0.0;K2;4500;280000.0;275500.0
2025-11-02;2025;11;C189;Várzea Grande;X1;200000;V2;1700000;2;0.05;10000.0;K3,K1;5000;190000.0;185000.0
2026-04-15;2026;4;C190;Cuiabá;X1;200000;V1;1500000;2;0.0;0.0;K0;0;200000.0;200000.0
2023-01-08;2023;1;C191;Cuiabá;X2;220000;V2;1700000;3;0.0;0.0;K0;0;220000.0;220000.0
2022-06-08;2022;6;C192;Diamantino;X3;280000;V5;2300000;1;0.05;14000.0;K2;4500;266000.0;261500.0
2023-06-08;2023;6;C192;Diamantino;X2;220000;V1;1500000;2;0.0;0.0;K2,K1;7500;220000.0;212500.0
2024-06-07;2024;6;C192;Diamantino;X3;280000;V1;1500000;3;0.02;5600.0;K2,K1,K3;9500;274400.0;264900.0
2025-06-07;2025;6;C192;Diamantino;X1;200000;V3;1900000;1;0.0;0.0;K0;0;200000.0;200000.0
2025-03-23;2025;3;C193;Nova Mutum;X1;200000;V2;1700000;1;0.0;0.0;K2,K1;7500;200000.0;192500.0
2026-01-17;2026;1;C194;Várzea Grande;X2;220000;V3;1900000;3;0.02;4400.0;K0;0;215600.0;215600.0
2024-06-17;2024;6;C195;Cuiabá;X1;200000;V2;1700000;2;0.0;0.0;K0;0;200000.0;200000.0
2023-12-15;2023;12;C196;Cuiabá;X1;200000;V5;2300000;2;0.02;4000.0;K0;0;196000.0;196000.0
2024-12-14;2024;12;C196;Cuiabá;X3;280000;V3;1900000;1;0.05;14000.0;K2,K3;6500;266000.0;259500.0
2025-12-14;2025;12;C196;Cuiabá;X3;280000;V2;1700000;2;0.0;0.0;K0;0;280000.0;280000.0
2022-07-03;2022;7;C197;Várzea Grande;X3;280000;V1;1500000;3;0.02;5600.0;K0;0;274400.0;274400.0
2023-07-03;2023;7;C197;Várzea Grande;X3;280000;V3;1900000;1;0.0;0.0;K1,K2,K3;9500;280000.0;270500.0
2024-07-02;2024;7;C197;Várzea Grande;X1;200000;V3;1900000;1;0.0;0.0;K0;0;200000.0;200000.0
2025-07-02;2025;7;C197;Várzea Grande;X3;280000;V4;2100000;3;0.05;14000.0;K3,K1;5000;266000.0;261000.0
2022-11-27;2022;11;C198;Diamantino;X2;220000;V1;1500000;2;0.05;11000.0;K0;0;209000.0;209000.0
2024-11-26;2024;11;C198;Diamantino;X1;200000;V2;1700000;2;0.02;4000.0;K2,K3;6500;196000.0;189500.0
2023-07-05;2023;7;C200;Várzea Grande;X1;200000;V2;1700000;2;0.0;0.0;K2,K3;6500;200000.0;193500.0
2023-07-15;2023;7;C201;Várzea Grande;X1;200000;V1;1500000;2;0.0;0.0;K3,K1,K2;9500;200000.0;190500.0
2026-05-11;2026;5;C202;Cuiabá;X3;280000;V1;1500000;2;0.05;14000.0;K1,K3;5000;266000.0;261000.0
2024-11-27;2024;11;C203;Cuiabá;X1;200000;V4;2100000;1;0.0;0.0;K1;3000;200000.0;197000.0
2023-08-14;2023;8;C204;Diamantino;X2;220000;V1;1500000;1;0.05;11000.0;K1;3000;209000.0;206000.0
2024-08-13;2024;8;C204;Diamantino;X3;280000;V4;2100000;2;0.0;0.0;K0;0;280000.0;280000.0
2024-12-15;2024;12;C205;Várzea Grande;X2;220000;V4;2100000;2;0.02;4400.0;;0;215600.0;215600.0
2025-12-15;2025;12;C205;Várzea Grande;X1;200000;V3;1900000;1;0.0;0.0;K2,K3;6500;200000.0;193500.0
2025-10-30;2025;10;C206;Cuiabá;X2;220000;V5;2300000;1;0.02;4400.0;K0;0;215600.0;215600.0
2023-12-09;2023;12;C207;Cuiabá;X3;280000;V5;2300000;2;0.0;0.0;K0;0;280000.0;280000.0
2025-12-08;2025;12;C207;Cuiabá;X2;220000;V4;2100000;2;0.05;11000.0;K3,K2;6500;209000.0;202500.0
2023-11-20;2023;11;C208;Várzea Grande;X1;200000;V1;1500000;2;0.02;4000.0;K0;0;196000.0;196000.0
2024-11-19;2024;11;C208;Várzea Grande;X3;280000;V2;1700000;1;0.0;0.0;K0;0;280000.0;280000.0
2025-11-19;2025;11;C208;Várzea Grande;X2;220000;V5;2300000;1;0.05;11000.0;K0;0;209000.0;209000.0
2024-07-19;2024;7;C209;Cuiabá;X1;200000;V2;1700000;3;0.0;0.0;K3,K2,K1;9500;200000.0;190500.0
2026-04-19;2026;4;C210;Cuiabá;X1;200000;V5;2300000;1;0.0;0.0;K2,K1,K3;9500;200000.0;190500.0
2022-11-16;2022;11;C211;Várzea Grande;X1;200000;V5;2300000;2;0.02;4000.0;;0;196000.0;196000.0
2023-11-16;2023;11;C211;Várzea Grande;X1;200000;V2;1700000;1;0.02;4000.0;K1,K3;5000;196000.0;191000.0
2024-11-15;2024;11;C211;Várzea Grande;X1;200000;V1;1500000;3;0.05;10000.0;K2;4500;190000.0;185500.0
2025-11-15;2025;11;C211;Várzea Grande;X2;220000;V5;2300000;1;0.0;0.0;K2,K1;7500;220000.0;212500.0
2023-08-16;2023;8;C212;Várzea Grande;X2;220000;V3;1900000;3;0.05;11000.0;K1;3000;209000.0;206000.0
2025-07-21;2025;7;C213;Várzea Grande;X3;280000;V2;1700000;2;0.05;14000.0;K0;0;266000.0;266000.0
2023-04-24;2023;4;C215;Várzea Grande;X3;280000;V3;1900000;2;0.02;5600.0;K0;0;274400.0;274400.0
2024-04-23;2024;4;C215;Várzea Grande;X3;280000;V1;1500000;1;0.02;5600.0;K3;2000;274400.0;272400.0
2025-08-11;2025;8;C217;Cuiabá;X1;200000;V4;2100000;2;0.0;0.0;K0;0;200000.0;200000.0
2022-06-26;2022;6;C218;Várzea Grande;X1;200000;V3;1900000;1;0.0;0.0;K3;2000;200000.0;198000.0
2024-12-24;2024;12;C218;Várzea Grande;X1;200000;V3;1900000;3;0.05;10000.0;K1,K2,K3;9500;190000.0;180500.0
2025-05-26;2025;5;C220;Diamantino;X1;200000;V1;1500000;1;0.0;0.0;K3,K2,K1;9500;200000.0;190500.0
2026-01-30;2026;1;C222;Várzea Grande;;200000;V1;1500000;1;0.0;0.0;K2,K1,K3;9500;200000.0;190500.0
2025-01-04;2025;1;C223;Cuiabá;X1;200000;V5;2300000;1;0.02;4000.0;K2,K3;6500;196000.0;189500.0
2024-11-13;2024;11;C224;Cuiabá;X2;220000;V2;1700000;1;0.02;4400.0;K0;0;215600.0;215600.0
2025-11-13;2025;11;C224;Cuiabá;X3;280000;V1;1500000;2;0.0;0.0;K2,K1,K3;9500;280000.0;270500.0
2025-04-20;2025;4;C225;Cuiabá;X2;220000;V5;2300000;3;0.0;0.0;K1,K2;7500;220000.0;212500.0
2023-03-13;2023;3;C226;Cuiabá;X1;200000;V2;1700000;2;0.0;0.0;K1;3000;200000.0;197000.0
2026-03-15;2026;3;C227;Nova Mutum;X3;280000;V2;1700000;1;0.05;14000.0;K3,K1;5000;266000.0;261000.0
2025-06-19;2025;6;C228;Cuiabá;X2;220000;V1;1500000;1;0.05;11000.0;K2;4500;209000.0;204500.0
2023-03-15;2023;3;C229;Diamantino;X1;200000;V1;1500000;2;0.05;10000.0;K0;0;190000.0;190000.0
2025-09-12;2025;9;C229;Diamantino;X2;220000;V4;2100000;1;0.02;4400.0;K2,K3,K1;9500;215600.0;206100.0
2023-12-01;2023;12;C230;Várzea Grande;X3;280000;V4;2100000;1;0.0;0.0;K3,K1;5000;280000.0;275000.0
2025-11-30;2025;11;C230;Várzea Grande;X2;220000;V3;1900000;2;0.0;0.0;K2,K3;6500;220000.0;213500.0
2023-08-25;2023;8;C231;Várzea Grande;X2;999999;V3;1900000;2;0.02;4400.0;K3,K1,K2;9500;215600.0;206100.0
2025-08-24;2025;8;C231;Várzea Grande;X2;220000;V4;2100000;1;0.05;11000.0;K3;2000;209000.0;207000.0
2022-09-27;2022;9;C232;Várzea Grande;X1;200000;V5;2300000;1;0.05;10000.0;K0;0;190000.0;190000.0
2025-03-27;2025;3;C232;Várzea Grande;X1;200000;V1;1500000;2;0.0;0.0;K0;0;200000.0;200000.0
2026-04-28;2026;4;C233;Várzea Grande;X2;220000;V5;2300000;3;0.02;4400.0;K0;0;215600.0;215600.0
2022-07-17;2022;7;C234;Várzea Grande;X2;220000;V2;1700000;3;0.02;4400.0;K1,K2;7500;215600.0;208100.0
2023-07-17;2023;7;C234;Várzea Grande;X1;200000;V3;1900000;3;0.0;0.0;K1;3000;200000.0;197000.0
2024-07-16;2024;7;C234;Várzea Grande;X1;200000;V2;1700000;3;0.05;10000.0;K1,K2,K3;9500;190000.0;180500.0
2026-03-13;2026;3;C235;Cuiabá;X3;280000;V2;1700000;1;0.05;14000.0;K0;0;266000.0;266000.0
2023-10-14;2023;10;C236;Várzea Grande;X3;280000;V3;1900000;1;0.02;5600.0;K2,K3;6500;274400.0;267900.0
2024-10-13;2024;10;C236;Várzea Grande;X3;280000;V5;2300000;3;0.05;14000.0;K1,K3,K2;9500;266000.0;256500.0
2025-10-13;2025;10;C236;Várzea Grande;X3;280000;V3;1900000;2;0.02;5600.0;K0;0;274400.0;274400.0
2022-09-23;2022;9;C237;Cuiabá;X2;220000;V3;1900000;3;0.02;4400.0;K1;3000;215600.0;212600.0
2023-09-23;2023;9;C237;Cuiabá;X1;200000;V5;2300000;2;0.02;4000.0;K1,K3,K2;9500;196000.0;186500.0
2024-09-22;2024;9;C237;Cuiabá;X2;220000;V4;2100000;3;0.02;4400.0;K0;0;215600.0;215600.0
2025-09-22;2025;9;C237;Cuiabá;X3;280000;V2;1700000;3;0.02;5600.0;K3,K2,K1;9500;274400.0;264900.0
2023-05-21;2023;5;C238;Cuiabá;X3;280000;V3;1900000;2;0.05;14000.0;K2,K1,K3;9500;266000.0;256500.0
;2025;5;C238;Cuiabá;X2;220000;V4;2100000;2;0.02;4400.0;K3,K2;6500;215600.0;209100.0
2023-01-12;2023;1;C239;Várzea Grande;X3;280000;V5;2300000;2;0.05;14000.0;K0;0;266000.0;266000.0
2024-01-12;2024;1;C239;Várzea Grande;X3;280000;V1;1500000;1;0.05;14000.0;K2,K3,K1;9500;266000.0;256500.0
2023-06-30;2023;6;C240;Cuiabá;X2;220000;V2;1700000;2;0.02;4400.0;K2;4500;215600.0;211100.0
2025-12-28;2025;12;C240;Cuiabá;X1;200000;V3;1900000;1;0.05;10000.0;K0;0;190000.0;190000.0
2024-11-26;2024;11;C241;Nova Mutum;X1;200000;V5;2300000;3;0.0;0.0;K1;3000;200000.0;197000.0
2024-10-20;2024;10;C242;Nova Mutum;X2;220000;V4;2100000;3;0.0;0.0;K0;0;220000.0;220000.0
2025-10-20;2025;10;C242;Nova Mutum;X2;220000;V1;1500000;1;0.02;4400.0;K3;2000;215600.0;213600.0
2025-03-11;2025;3;C244;Cuiabá;X1;200000;V3;1900000;3;0.02;4000.0;K3,K2,K1;9500;196000.0;186500.0
2026-03-11;2026;3;C244;Cuiabá;X2;220000;V4;2100000;1;0.02;4400.0;K2;4500;215600.0;211100.0
2023-08-26;2023;8;C245;Cuiabá;X1;200000;V1;1500000;3;0.05;10000.0;K2;4500;190000.0;185500.0
2024-08-25;2024;8;C245;Cuiabá;X1;200000;V4;2100000;3;0.05;10000.0;K3,K1,K2;9500;190000.0;180500.0
2024-11-10;2024;11;C247;Várzea Grande;X2;220000;V2;1700000;2;0.0;0.0;K0;0;220000.0;220000.0
2024-09-23;2024;9;C248;Nova Mutum;X2;220000;V5;2300000;2;0.05;11000.0;K1,K3;5000;209000.0;204000.0
2025-02-28;2025;2;C249;Nova Mutum;X2;220000;V5;2300000;1;0.0;0.0;K2,K3,K1;9500;220000.0;210500.0
2026-02-28;2026;2;C249;Nova Mutum;X1;200000;V4;2100000;3;0.02;4000.0;K1;3000;196000.0;193000.0
2025-03-28;2025;3;C250;Diamantino;X2;220000;V2;1700000;1;0.02;4400.0;K2,K1;7500;215600.0;208100.0
2026-03-28;2026;3;C250;Diamantino;X1;200000;V3;1900000;1;0.02;4000.0;K3,K1;5000;196000.0;191000.0
2025-12-31;2025;12;C252;Cuiabá;X2;220000;V5;2300000;2;0.02;4400.0;K0;0;215600.0;215600.0
2024-04-16;2024;4;C253;Diamantino;X2;220000;V3;1900000;1;0.02;4400.0;K3,K1;5000;215600.0;210600.0
2023-04-07;2023;4;C254;Cuiabá;X2;220000;V5;2300000;2;0.05;11000.0;K3;2000;209000.0;207000.0
2024-04-06;2024;4;C254;Cuiabá;X3;280000;V1;1500000;2;0.05;14000.0;K2,K1;7500;266000.0;258500.0
2025-04-06;2025;4;C254;Cuiabá;X1;200000;V3;1900000;3;0.05;10000.0;K3;2000;190000.0;188000.0
2026-04-06;2026;4;C254;Cuiabá;X3;280000;V5;2300000;3;0.05;14000.0;K2,K1,K3;9500;266000.0;256500.0
2023-10-07;2023;10;C255;Cuiabá;X3;280000;V4;2100000;1;0.0;0.0;K0;0;280000.0;280000.0
2026-04-06;2026;4;C255;Cuiabá;X1;200000;V5;2300000;2;0.02;4000.0;K1;3000;196000.0;193000.0
2024-03-02;2024;3;C256;Várzea Grande;X1;200000;V5;2300000;2;0.0;0.0;K1,K3;5000;200000.0;195000.0
2025-03-02;2025;3;C256;Várzea Grande;X3;280000;V4;2100000;2;0.0;0.0;K2,K1;7500;280000.0;272500.0
2026-03-02;2026;3;C256;Várzea Grande;X1;200000;V1;1500000;3;0.02;4000.0;K3;2000;196000.0;194000.0
2025-12-11;2025;12;C257;Nova Mutum;X1;200000;V4;2100000;2;0.02;4000.0;K1;3000;196000.0;193000.0
2024-03-25;2024;3;C258;Várzea Grande;X2;220000;V3;1900000;3;0.05;11000.0;K1;3000;209000.0;206000.0
2023-08-13;2023;8;C259;Várzea Grande;X3;280000;V3;1900000;2;0.05;14000.0;K1,K3,K2;9500;266000.0;256500.0
2024-08-31;2024;8;C260;Cuiabá;X1;200000;V1;1500000;1;0.02;4000.0;K1,K2;7500;196000.0;188500.0
2025-08-31;2025;8;C260;Cuiabá;X1;200000;V5;2300000;2;0.0;0.0;K3,K1;5000;200000.0;195000.0
2023-02-02;2023;2;C262;Nova Mutum;;280000;V3;1900000;2;0.05;14000.0;K3,K1;5000;266000.0;261000.0
2024-02-02;2024;2;C262;Nova Mutum;X2;220000;V3;1900000;3;0.02;4400.0;K2;4500;215600.0;211100.0
2025-02-01;2025;2;C262;Nova Mutum;X3;280000;V5;2300000;1;0.02;5600.0;K3,K1,K2;9500;274400.0;264900.0
2026-02-01;2026;2;C262;Nova Mutum;X2;220000;V3;1900000;3;0.05;11000.0;K3,K1,K2;9500;209000.0;199500.0
2025-07-10;2025;7;C263;Cuiabá;X3;280000;V4;2100000;1;0.05;14000.0;K1,K3;5000;266000.0;261000.0
2024-07-04;2024;7;C264;Várzea Grande;X1;200000;V3;1900000;3;0.0;0.0;K2,K1,K3;9500;200000.0;190500.0
2024-01-10;2024;1;C265;Diamantino;X2;220000;V4;2100000;3;0.0;0.0;;9500;220000.0;210500.0
2026-04-10;2026;4;C266;Várzea Grande;X2;0;V4;2100000;1;0.02;4400.0;K1,K3,K2;9500;215600.0;206100.0
2025-12-03;2025;12;C267;Várzea Grande;X3;280000;V5;2300000;1;0.05;14000.0;K1,K2,K3;9500;266000.0;256500.0
2026-03-14;2026;3;C268;Várzea Grande;X3;280000;V5;2300000;2;0.0;0.0;K2;4500;280000.0;275500.0
2025-06-28;2025;6;C269;Cuiabá;X2;220000;V1;1500000;2;0.02;4400.0;K1,K3,K2;9500;215600.0;206100.0
2025-09-19;2025;9;C270;Cuiabá;X3;280000;V3;1900000;2;0.02;5600.0;K3;2000;274400.0;272400.0
2025-04-26;2025;4;C271;Diamantino;X1;200000;V5;2300000;2;0.0;0.0;K3,K2,K1;9500;200000.0;190500.0
2026-04-26;2026;4;C271;Diamantino;X1;200000;V3;1900000;3;0.02;4000.0;K1,K2;7500;196000.0;188500.0
2026-01-04;2026;1;C272;Diamantino;X2;220000;V2;1700000;2;0.05;11000.0;K3;2000;209000.0;207000.0
2023-01-03;2023;1;C273;Diamantino;X2;220000;V1;1500000;1;0.05;11000.0;K3,K2,K1;9500;209000.0;199500.0
2025-07-03;2025;7;C273;Diamantino;X3;280000;V2;1700000;1;0.02;5600.0;K0;0;274400.0;274400.0
2025-05-21;2025;5;C274;Nova Mutum;X1;200000;V2;1700000;3;0.05;10000.0;K1;3000;190000.0;187000.0
2024-10-23;2024;10;C275;Várzea Grande;X3;280000;V2;1700000;1;0.0;0.0;K2,K1,K3;9500;280000.0;270500.0
2022-09-04;2022;9;C276;Várzea Grande;X1;200000;V5;2300000;3;0.0;0.0;K2,K3;6500;200000.0;193500.0
2024-09-03;2024;9;C276;Várzea Grande;X2;220000;V1;1500000;3;0.02;4400.0;K0;0;215600.0;215600.0
2022-05-28;2022;5;C277;Várzea Grande;X3;280000;V5;2300000;2;0.0;0.0;K0;0;280000.0;280000.0
2024-05-27;2024;5;C277;Várzea Grande;X1;200000;V3;1900000;2;0.05;10000.0;K1,K2,K3;9500;190000.0;180500.0
2022-07-18;2022;7;C278;Várzea Grande;X1;200000;V4;2100000;1;0.05;10000.0;K1,K2,K3;9500;190000.0;180500.0
2024-07-17;2024;7;C278;Várzea Grande;X3;280000;V2;1700000;1;0.0;0.0;K0;0;280000.0;280000.0
2024-04-19;2024;4;C280;Várzea Grande;X3;280000;V2;1700000;2;0.0;0.0;K3;2000;280000.0;278000.0
2025-04-19;2025;4;C280;Várzea Grande;X1;200000;V5;2300000;3;0.0;0.0;K3,K1,K2;9500;200000.0;190500.0
2022-12-03;2022;12;C281;Diamantino;X2;220000;V3;1900000;3;0.0;0.0;K2;4500;220000.0;215500.0
2023-06-16;2023;6;C282;Cuiabá;X3;280000;V3;1900000;2;0.05;14000.0;K3,K2,K1;9500;266000.0;256500.0
2025-12-14;2025;12;C282;Cuiabá;X2;220000;V2;1700000;3;0.0;0.0;K2,K1;7500;220000.0;212500.0
2024-12-18;2024;12;C283;Cuiabá;X2;220000;V5;2300000;1;0.0;0.0;K3,K1,K2;9500;220000.0;210500.0
2025-05-23;2025;5;C284;Cuiabá;X3;280000;V1;1500000;1;0.05;14000.0;K0;0;266000.0;266000.0
2025-03-19;2025;3;C285;Várzea Grande;X3;280000;V4;2100000;2;0.05;14000.0;K3;2000;266000.0;264000.0
2026-03-19;2026;3;C285;Várzea Grande;X3;280000;V4;2100000;3;0.05;14000.0;K2,K1;7500;266000.0;258500.0
2024-01-01;2024;1;C286;Cuiabá;X1;200000;V4;2100000;3;0.02;4000.0;K0;0;196000.0;196000.0
2025-12-31;2025;12;C286;Cuiabá;X3;280000;V2;1700000;3;0.05;14000.0;K1,K3;5000;266000.0;261000.0
2023-03-11;2023;3;C287;Várzea Grande;X2;220000;V1;1500000;2;0.0;0.0;K1;3000;220000.0;217000.0
2025-09-08;2025;9;C287;Várzea Grande;X1;200000;V2;1700000;1;0.05;10000.0;K2,K3;6500;190000.0;183500.0
2024-03-09;2024;3;C288;Várzea Grande;X3;280000;V3;1900000;3;0.05;14000.0;K3,K1,K2;9500;266000.0;256500.0
2026-03-09;2026;3;C288;Várzea Grande;X3;280000;V1;1500000;2;0.05;14000.0;K1,K2;7500;266000.0;258500.0
2024-04-21;2024;4;C289;Cuiabá;X3;280000;V1;1500000;1;0.05;14000.0;K1,K3;5000;266000.0;261000.0
2025-04-21;2025;4;C289;Cuiabá;X2;220000;V2;1700000;3;0.0;0.0;K2;4500;220000.0;215500.0
2026-04-21;2026;4;C289;Cuiabá;X1;200000;V2;1700000;2;0.02;4000.0;K1,K2,K3;9500;196000.0;186500.0
2022-08-12;2022;8;C291;Cuiabá;X1;200000;V5;2300000;2;0.0;0.0;K1;3000;200000.0;197000.0
2023-08-12;2023;8;C291;Cuiabá;X3;280000;V4;2100000;3;0.05;14000.0;K0;0;266000.0;266000.0
2024-08-11;2024;8;C291;Cuiabá;X2;220000;V1;1500000;1;0.0;0.0;K2,K3,K1;9500;220000.0;210500.0
2025-08-11;2025;8;C291;Cuiabá;X3;280000;V2;1700000;3;0.05;14000.0;K3,K2,K1;9500;266000.0;256500.0
2026-03-20;2026;3;C292;Cuiabá;X3;280000;V1;1500000;1;0.0;0.0;K1,K3;5000;280000.0;275000.0
2025-03-13;2025;3;C293;Diamantino;X3;280000;V1;1500000;1;0.0;0.0;K3,K1,K2;9500;280000.0;270500.0
2025-01-27;2025;1;C294;Cuiabá;X3;280000;V1;1500000;3;0.05;14000.0;K2,K3,K1;9500;266000.0;256500.0
2025-05-05;2025;5;C295;Cuiabá;X2;220000;V4;2100000;2;0.02;4400.0;K0;0;215600.0;215600.0
2022-11-03;2022;11;C296;Várzea Grande;X2;220000;V3;1900000;3;0.0;0.0;K0;0;220000.0;220000.0
2024-11-02;2024;11;C296;Várzea Grande;X1;200000;V5;2300000;3;0.05;10000.0;K0;0;190000.0;190000.0
2022-05-30;2022;5;C297;Várzea Grande;X2;220000;V4;2100000;1;0.02;4400.0;K0;0;215600.0;215600.0
2023-05-30;2023;5;C297;Várzea Grande;X3;280000;V3;1900000;1;0.02;5600.0;K2,K3,K1;9500;274400.0;264900.0
2024-05-29;2024;5;C297;Várzea Grande;X3;999999;V4;2100000;2;0.0;0.0;K3,K2,K1;9500;280000.0;270500.0
2025-05-29;2025;5;C297;Várzea Grande;X3;280000;V4;2100000;3;0.05;14000.0;K1,K3,K2;9500;266000.0;256500.0
2023-04-12;2023;4;C298;Cuiabá;X2;220000;V5;2300000;1;0.05;11000.0;K0;0;209000.0;209000.0
2025-04-11;2025;4;C298;Cuiabá;X3;280000;V1;1500000;1;0.0;0.0;K3,K2;6500;280000.0;273500.0
2022-09-24;2022;9;C299;Várzea Grande;X3;280000;V1;1500000;3;0.05;14000.0;K3,K2;6500;266000.0;259500.0
2024-09-23;2024;9;C299;Várzea Grande;X1;200000;V2;1700000;3;0.05;10000.0;K1,K3;5000;190000.0;185000.0
2025-09-24;2025;9;C301;Cuiabá;X3;280000;V2;1700000;2;0.05;14000.0;K0;0;266000.0;266000.0
2023-09-17;2023;9;C302;Várzea Grande;X1;200000;V3;1900000;3;0.02;4000.0;K2,K3,K1;9500;196000.0;186500.0
2023-12-19;2023;12;C304;Várzea Grande;X3;280000;V3;1900000;1;0.02;5600.0;K3;2000;274400.0;272400.0
2024-12-18;2024;12;C304;Várzea Grande;X2;220000;V5;2300000;3;0.0;0.0;K2;4500;220000.0;215500.0
2022-10-11;2022;10;C305;Várzea Grande;X1;200000;V5;2300000;1;0.02;4000.0;K2,K3,K1;9500;196000.0;186500.0
2023-10-11;2023;10;C305;Várzea Grande;X2;220000;V4;2100000;2;0.05;11000.0;K0;0;209000.0;209000.0
2022-10-01;2022;10;C306;Nova Mutum;X1;200000;V2;1700000;3;0.02;4000.0;K3,K1;5000;196000.0;191000.0
2025-03-31;2025;3;C306;Nova Mutum;X1;200000;V3;1900000;3;0.0;0.0;;9500;200000.0;190500.0
2023-05-16;2023;5;C307;Várzea Grande;X3;280000;V3;1900000;1;0.0;0.0;K3,K1;5000;280000.0;275000.0
2025-11-13;2025;11;C307;Várzea Grande;X2;220000;V2;1700000;2;0.0;0.0;K3;2000;220000.0;218000.0
2025-01-27;2025;1;C309;Várzea Grande;X3;280000;V3;1900000;3;0.02;5600.0;K2,K3,K1;9500;274400.0;264900.0
2025-04-11;2025;4;C311;Várzea Grande;X1;200000;V2;1700000;2;0.02;4000.0;K0;0;196000.0;196000.0
2026-04-11;2026;4;C311;Várzea Grande;X2;220000;V2;1700000;2;0.05;11000.0;K2;4500;209000.0;204500.0
2025-10-22;2025;10;C312;Cuiabá;X2;220000;V2;1700000;2;0.02;4400.0;K2,K3;6500;215600.0;209100.0
;2023;5;C313;Cuiabá;X3;280000;V2;1700000;2;0.0;0.0;K3;2000;280000.0;278000.0
2025-05-18;2025;5;C313;Cuiabá;X1;200000;V2;1700000;2;0.05;10000.0;K1,K3;5000;190000.0;185000.0
2025-03-04;2025;3;C314;Nova Mutum;X3;280000;V5;2300000;3;0.05;14000.0;K2,K3;6500;266000.0;259500.0
2023-04-15;2023;4;C316;Várzea Grande;X2;220000;V1;1500000;3;0.02;4400.0;K2,K3;6500;215600.0;209100.0
2025-04-14;2025;4;C316;Várzea Grande;X2;220000;V3;1900000;3;0.0;0.0;K2;4500;220000.0;215500.0
2025-10-07;2025;10;C317;Cuiabá;X3;280000;V5;2300000;3;0.0;0.0;K2,K3;6500;280000.0;273500.0
2023-04-24;2023;4;C319;Cuiabá;X2;220000;V5;2300000;1;0.05;11000.0;K1;3000;209000.0;206000.0
2025-04-23;2025;4;C319;Cuiabá;X2;220000;V3;1900000;2;0.05;11000.0;K2,K3,K1;9500;209000.0;199500.0
2024-09-09;2024;9;C320;Cuiabá;X1;200000;V2;1700000;1;0.05;10000.0;K3,K1,K2;9500;190000.0;180500.0
2025-09-09;2025;9;C320;Cuiabá;X1;200000;V1;1500000;1;0.02;4000.0;K0;0;196000.0;196000.0
2024-08-06;2024;8;;Várzea Grande;X1;200000;V3;1900000;2;0.05;10000.0;K3;2000;190000.0;188000.0
2024-02-08;2024;2;C322;Várzea Grande;X2;220000;V2;1700000;3;0.0;0.0;K1;3000;220000.0;217000.0
2026-02-07;2026;2;C322;Várzea Grande;X2;220000;V4;2100000;3;0.02;4400.0;K2,K1,K3;9500;215600.0;206100.0
2025-09-20;2025;9;C323;Várzea Grande;X3;280000;V4;2100000;1;0.05;14000.0;K2,K1;7500;266000.0;258500.0
2024-11-05;2024;11;C324;Cuiabá;X1;200000;V3;1900000;3;0.0;0.0;K0;0;200000.0;200000.0
2023-02-19;2023;2;C325;Nova Mutum;X1;200000;V4;2100000;2;0.02;4000.0;K2;4500;196000.0;191500.0
2025-02-18;2025;2;C325;Nova Mutum;X1;200000;V5;2300000;2;0.02;4000.0;K3,K2;6500;196000.0;189500.0
;2023;10;C326;Várzea Grande;X2;220000;V4;2100000;3;0.0;0.0;K2;4500;220000.0;215500.0
2026-04-08;2026;4;C326;Várzea Grande;X3;280000;V3;1900000;1;0.02;5600.0;K1,K3;5000;274400.0;269400.0
2023-02-19;2023;2;C327;Várzea Grande;X3;280000;V4;2100000;1;0.02;5600.0;K2;4500;274400.0;269900.0
2025-08-19;2025;8;C327;Várzea Grande;X3;280000;V1;1500000;2;0.0;0.0;K0;0;280000.0;280000.0
2023-11-18;2023;11;C328;Várzea Grande;X1;200000;V2;1700000;1;0.0;0.0;K2;4500;200000.0;195500.0
2024-04-15;2024;4;C329;Cuiabá;X2;220000;V3;1900000;2;0.02;4400.0;K0;0;215600.0;215600.0
2023-03-11;2023;3;C330;Cuiabá;X1;200000;V5;2300000;2;0.02;4000.0;K2;4500;196000.0;191500.0
2025-09-08;2025;9;C330;Cuiabá;X1;200000;V2;1700000;1;0.02;4000.0;K3;2000;196000.0;194000.0
2023-06-27;2023;6;C331;Cuiabá;X3;280000;V2;1700000;3;0.02;5600.0;K2,K3,K1;9500;274400.0;264900.0
2025-06-26;2025;6;C331;Cuiabá;X3;280000;V5;2300000;2;0.05;14000.0;K0;0;266000.0;266000.0
2025-01-25;2025;1;C332;Várzea Grande;X1;200000;V2;1700000;1;0.0;0.0;K2,K3,K1;9500;200000.0;190500.0
2026-01-25;2026;1;C332;Várzea Grande;X3;280000;V1;1500000;3;0.02;5600.0;K1;3000;274400.0;271400.0
2026-03-30;2026;3;C333;Cuiabá;X2;220000;V1;1500000;3;0.0;0.0;K1,K2;7500;220000.0;212500.0
2022-09-15;2022;9;C334;Cuiabá;X3;280000;V5;2300000;3;0.0;0.0;K1,K2;7500;280000.0;272500.0
2024-09-14;2024;9;C334;Cuiabá;X2;220000;V4;2100000;2;0.05;11000.0;K3;2000;209000.0;207000.0
2025-07-03;2025;7;C335;Cuiabá;X1;200000;V5;2300000;2;0.0;0.0;K3,K2;6500;200000.0;193500.0
2025-06-24;2025;6;C336;Cuiabá;X2;220000;V3;1900000;3;0.02;4400.0;K1,K2;7500;215600.0;208100.0
2025-11-06;2025;11;C337;Diamantino;X3;280000;V5;2300000;3;0.02;5600.0;K3,K2,K1;9500;274400.0;264900.0
2023-12-16;2023;12;C338;Várzea Grande;X1;200000;V1;1500000;1;0.05;10000.0;K0;0;190000.0;190000.0
2025-04-26;2025;4;C341;Várzea Grande;X1;200000;V3;1900000;1;0.0;0.0;K0;0;200000.0;200000.0
2022-10-26;2022;10;C342;Várzea Grande;X2;220000;V5;2300000;3;0.05;11000.0;K3,K1;5000;209000.0;204000.0
2024-10-25;2024;10;C342;Várzea Grande;X1;200000;V1;1500000;1;0.02;4000.0;K0;0;196000.0;196000.0
2025-04-13;2025;4;C343;Cuiabá;X3;280000;V4;2100000;3;0.0;0.0;K3,K1,K2;9500;280000.0;270500.0
2026-04-13;2026;4;C343;Cuiabá;X2;220000;V1;1500000;1;0.05;11000.0;K2,K3,K1;9500;209000.0;199500.0
2023-05-20;2023;5;C344;Várzea Grande;X3;280000;V2;1700000;2;0.05;14000.0;K2,K3;6500;266000.0;259500.0
2024-05-19;2024;5;C344;Várzea Grande;X3;0;V4;2100000;3;0.05;14000.0;K1,K3,K2;9500;266000.0;256500.0
2025-05-19;2025;5;C344;Várzea Grande;X2;220000;V3;1900000;2;0.02;4400.0;K1,K3;5000;215600.0;210600.0
2024-01-24;2024;1;C346;;X1;200000;V3;1900000;1;0.0;0.0;K3,K1,K2;9500;200000.0;190500.0
2026-01-23;2026;1;C346;Várzea Grande;X1;200000;V2;1700000;2;0.02;4000.0;K1,K3,K2;9500;196000.0;186500.0
2022-11-20;2022;11;C347;Várzea Grande;X1;200000;V1;1500000;3;0.05;10000.0;K1,K2;7500;190000.0;182500.0
2025-05-20;2025;5;C347;Várzea Grande;X1;200000;V5;2300000;3;0.05;10000.0;K3;2000;190000.0;188000.0
2024-03-30;2024;3;C349;Cuiabá;X2;220000;V1;1500000;3;0.0;0.0;K0;0;220000.0;220000.0
2025-03-30;2025;3;C349;Cuiabá;X2;999999;V1;1500000;2;0.02;4400.0;K0;0;215600.0;215600.0
2026-03-30;2026;3;C349;Cuiabá;X1;200000;V3;1900000;3;0.05;10000.0;K1;3000;190000.0;187000.0
2024-10-16;2024;10;C351;Várzea Grande;X1;200000;V3;1900000;2;0.0;0.0;K3,K1,K2;9500;200000.0;190500.0
2022-11-06;2022;11;C352;Diamantino;X3;280000;V2;1700000;3;0.0;0.0;K1,K2,K3;9500;280000.0;270500.0
2023-11-06;2023;11;C352;Diamantino;X3;280000;V5;2300000;2;0.05;14000.0;K1;3000;266000.0;263000.0
2024-11-05;2024;11;C352;Diamantino;X2;220000;V5;2300000;3;0.0;0.0;K0;0;220000.0;220000.0
2025-11-05;2025;11;C352;Diamantino;X2;220000;V3;1900000;2;0.0;0.0;K3,K1;5000;220000.0;215000.0
2024-11-06;2024;11;C353;Várzea Grande;X1;200000;V2;1700000;1;0.05;10000.0;;2000;190000.0;188000.0
2022-09-04;2022;9;C354;Cuiabá;X1;200000;V3;1900000;2;0.0;0.0;K1,K2,K3;9500;200000.0;190500.0
2023-07-23;2023;7;C355;Cuiabá;X2;220000;V5;2300000;3;0.02;4400.0;K3,K1,K2;9500;215600.0;206100.0
2026-01-20;2026;1;C355;Cuiabá;X3;280000;V1;1500000;1;0.02;5600.0;K2;4500;274400.0;269900.0
2022-09-29;2022;9;C357;Cuiabá;X3;280000;V3;1900000;2;0.0;0.0;K0;0;280000.0;280000.0
2025-03-29;2025;3;C357;Cuiabá;X3;280000;V4;2100000;2;0.0;0.0;K3,K1,K2;9500;280000.0;270500.0
2025-09-19;2025;9;C358;Várzea Grande;X3;280000;V4;2100000;1;0.05;14000.0;K0;0;266000.0;266000.0
2024-01-30;2024;1;C359;Nova Mutum;X1;200000;V1;1500000;1;0.02;4000.0;K3,K2;6500;196000.0;189500.0
2026-01-29;2026;1;C359;Nova Mutum;X3;280000;V3;1900000;1;0.0;0.0;K1,K2;7500;280000.0;272500.0
2023-03-22;2023;3;C360;Várzea Grande;X1;200000;V1;1500000;1;0.05;10000.0;K3,K1,K2;9500;190000.0;180500.0
2024-03-21;2024;3;C360;Várzea Grande;X2;220000;V3;1900000;1;0.05;11000.0;K3,K1;5000;209000.0;204000.0
2025-03-21;2025;3;C360;Várzea Grande;X3;280000;V5;2300000;3;0.05;14000.0;K2;4500;266000.0;261500.0
2026-03-21;2026;3;C360;Várzea Grande;X3;280000;V2;1700000;1;0.02;5600.0;K3,K1,K2;9500;274400.0;264900.0
2025-06-30;2025;6;C361;Cuiabá;X1;200000;V3;1900000;2;0.0;0.0;K0;0;200000.0;200000.0
2024-01-27;2024;1;C362;Várzea Grande;X3;280000;V3;1900000;1;0.0;0.0;K1;3000;280000.0;277000.0
2025-10-20;2025;10;C363;Várzea Grande;X3;280000;V2;1700000;1;0.05;14000.0;K3;2000;266000.0;264000.0
2024-05-20;2024;5;C364;Várzea Grande;X1;200000;V5;2300000;texto;0.05;10000.0;K3,K2,K1;9500;190000.0;180500.0
2024-09-07;2024;9;C366;Cuiabá;X1;200000;V2;1700000;3;0.0;0.0;K3,K2;6500;200000.0;193500.0
2023-10-03;2023;10;C367;Nova Mutum;X3;280000;V4;2100000;3;0.05;14000.0;K3,K1;5000;266000.0;261000.0
2023-10-01;2023;10;C369;Cuiabá;X3;280000;V1;1500000;2;0.05;14000.0;K3,K1,K2;9500;266000.0;256500.0
2026-03-31;2026;3;C369;Cuiabá;X2;220000;V3;1900000;3;0.02;4400.0;K2,K1;7500;215600.0;208100.0
2024-12-20;2024;12;C370;Cuiabá;X3;280000;V5;2300000;2;0.0;0.0;K3,K1,K2;9500;280000.0;270500.0
2024-03-08;2024;3;C371;Cuiabá;X3;280000;V2;1700000;2;0.02;5600.0;K0;0;274400.0;274400.0
2024-03-09;2024;3;C372;Cuiabá;X1;200000;V1;1500000;3;0.0;0.0;K0;0;200000.0;200000.0
2026-05-03;2026;5;C374;Várzea Grande;X3;280000;V5;2300000;2;0.0;0.0;K2,K1,K3;9500;280000.0;270500.0
2026-05-13;2026;5;C376;Cuiabá;X3;280000;V4;2100000;1;0.02;5600.0;K1;3000;274400.0;271400.0
2022-05-23;2022;5;C377;Diamantino;X2;220000;V4;2100000;3;0.02;4400.0;K0;0;215600.0;215600.0
2024-11-20;2024;11;C377;Diamantino;X1;200000;V2;1700000;1;0.05;10000.0;K2,K3;6500;190000.0;183500.0
2025-09-28;2025;9;C378;Cuiabá;X3;280000;V3;1900000;1;0.05;14000.0;K1;3000;266000.0;263000.0
2025-10-02;2025;10;C380;Cuiabá;X1;200000;V1;1500000;2;0.02;4000.0;K3;2000;196000.0;194000.0
2025-10-18;2025;10;C381;Cuiabá;X3;280000;V5;2300000;1;0.0;0.0;K3,K2,K1;9500;280000.0;270500.0
2024-01-18;2024;1;C382;Várzea Grande;X1;200000;V4;2100000;2;0.05;10000.0;K0;0;190000.0;190000.0
2025-01-17;2025;1;C382;Várzea Grande;X1;200000;V3;1900000;1;0.02;4000.0;K1,K3,K2;9500;196000.0;186500.0
2026-01-17;2026;1;C382;Várzea Grande;X3;280000;V5;2300000;3;0.0;0.0;K3,K2,K1;9500;280000.0;270500.0
2024-02-23;2024;2;C383;Várzea Grande;X3;280000;V3;1900000;1;0.0;0.0;K3,K2,K1;9500;280000.0;270500.0
2025-10-15;2025;10;C384;Diamantino;X1;200000;V1;1500000;2;0.0;0.0;K0;0;200000.0;200000.0
2024-09-11;2024;9;C385;Várzea Grande;X3;280000;V2;1700000;2;0.0;0.0;K2,K3,K1;9500;280000.0;270500.0
2024-01-20;2024;1;C386;Diamantino;X1;0;V1;1500000;1;0.05;10000.0;K2,K1;7500;190000.0;182500.0
2026-01-19;2026;1;C386;Diamantino;X2;220000;V4;2100000;3;0.02;4400.0;K0;0;215600.0;215600.0
;2025;11;C387;Cuiabá;X2;220000;V4;2100000;3;0.02;4400.0;K0;0;215600.0;215600.0
2024-01-19;2024;1;C388;Cuiabá;X3;280000;V5;2300000;1;0.0;0.0;K3,K2,K1;9500;280000.0;270500.0
2025-01-18;2025;1;C388;Cuiabá;X2;220000;V1;1500000;1;0.02;4400.0;K3,K1,K2;9500;215600.0;206100.0
2026-01-18;2026;1;C388;Cuiabá;X2;220000;V3;1900000;2;0.05;11000.0;K0;0;209000.0;209000.0
2024-09-09;2024;9;C389;Várzea Grande;X2;0;V4;2100000;2;0.02;4400.0;K2,K1,K3;9500;215600.0;206100.0
2025-09-09;2025;9;C389;Várzea Grande;X1;200000;V1;1500000;2;0.02;4000.0;K0;0;196000.0;196000.0
2025-03-05;2025;3;C390;Diamantino;X2;220000;V5;2300000;3;0.02;4400.0;K1;3000;215600.0;212600.0
2024-12-11;2024;12;C391;Nova Mutum;X1;200000;V1;1500000;3;0.02;4000.0;K0;0;196000.0;196000.0
2024-02-14;2024;2;C393;Cuiabá;X3;280000;V2;1700000;2;0.02;5600.0;K2;4500;274400.0;269900.0
2025-02-13;2025;2;C393;Cuiabá;X2;220000;V1;1500000;1;0.02;4400.0;K2;4500;215600.0;211100.0
2025-05-31;2025;5;C395;Cuiabá;X1;200000;V3;1900000;2;0.05;10000.0;K1;3000;190000.0;187000.0
2024-10-05;2024;10;C398;Várzea Grande;X3;280000;V4;2100000;3;0.05;14000.0;K2,K1;7500;266000.0;258500.0
2026-04-15;2026;4;C400;Várzea Grande;X3;280000;V4;2100000;3;0.02;5600.0;K1;3000;274400.0;271400.0
2024-07-26;2024;7;C401;Cuiabá;X2;220000;V3;1900000;2;0.02;4400.0;K1;3000;215600.0;212600.0
2025-01-20;2025;1;C402;Nova Mutum;X2;220000;V5;2300000;2;0.05;11000.0;K1,K2,K3;9500;209000.0;199500.0
2026-01-20;2026;1;C402;Nova Mutum;X1;200000;V3;1900000;1;0.05;10000.0;K3,K2;6500;190000.0;183500.0
2025-11-07;2025;11;C403;Várzea Grande;X2;220000;V4;2100000;3;0.0;0.0;K3;2000;220000.0;218000.0
2024-10-23;2024;10;C404;Diamantino;X3;280000;V2;1700000;3;0.0;0.0;K0;0;280000.0;280000.0
2026-05-12;2026;5;C405;Cuiabá;X3;280000;V5;2300000;2;0.02;5600.0;K1,K2,K3;9500;274400.0;264900.0
2025-09-18;2025;9;C407;Cuiabá;X2;220000;V1;1500000;3;0.0;0.0;K3;2000;220000.0;218000.0
2026-01-28;2026;1;C408;Cuiabá;X2;220000;V5;2300000;3;0.05;11000.0;K1;3000;209000.0;206000.0
2024-02-23;2024;2;C409;Nova Mutum;X3;280000;V3;1900000;1;0.02;5600.0;K3;2000;274400.0;272400.0
2026-02-22;2026;2;C409;Nova Mutum;X3;280000;V4;2100000;3;0.0;0.0;K2;4500;280000.0;275500.0
2022-09-01;2022;9;C410;Cuiabá;X2;220000;V1;1500000;1;0.02;4400.0;K0;0;215600.0;215600.0
2025-03-01;2025;3;C410;Cuiabá;X3;280000;V4;2100000;2;0.05;14000.0;K2,K3,K1;9500;266000.0;256500.0
2025-06-05;2025;6;C411;Cuiabá;X1;200000;V2;1700000;2;0.05;10000.0;K2,K1;7500;190000.0;182500.0
2026-01-02;2026;1;C413;Nova Mutum;X2;220000;V4;2100000;1;0.0;0.0;K0;0;220000.0;220000.0
2025-12-21;2025;12;C414;Várzea Grande;X3;280000;V5;2300000;3;0.02;5600.0;K3,K2;6500;274400.0;267900.0
2024-11-22;2024;11;C415;Várzea Grande;X2;220000;V5;2300000;3;0.0;0.0;K1,K2,K3;9500;220000.0;210500.0
2025-08-08;2025;8;C416;Várzea Grande;X3;280000;V4;2100000;2;0.05;14000.0;K3;2000;266000.0;264000.0
2026-03-30;2026;3;C417;Cuiabá;X3;280000;V3;1900000;3;0.02;5600.0;K0;0;274400.0;274400.0
2025-10-16;2025;10;C418;Cuiabá;X3;280000;V1;1500000;2;0.05;14000.0;K1,K2,K3;9500;266000.0;256500.0
2024-11-30;2024;11;C419;Várzea Grande;X3;280000;V3;1900000;1;0.02;5600.0;K2,K1;7500;274400.0;266900.0
2025-11-30;2025;11;C419;Várzea Grande;X3;280000;V3;1900000;2;0.05;14000.0;K3;2000;266000.0;264000.0
2025-11-14;2025;11;C421;Várzea Grande;X1;200000;V5;2300000;2;0.0;0.0;K1,K2;7500;200000.0;192500.0
2023-03-21;2023;3;C423;Cuiabá;X1;200000;V3;1900000;2;0.05;10000.0;K1,K3;5000;190000.0;185000.0
2025-09-18;2025;9;C423;Cuiabá;X1;200000;V5;2300000;3;0.0;0.0;K2,K1;7500;200000.0;192500.0
2024-11-02;2024;11;C424;Várzea Grande;X3;280000;V3;1900000;1;0.0;0.0;K1;3000;280000.0;277000.0
2024-12-21;2024;12;C425;Cuiabá;X3;280000;V5;2300000;2;0.0;0.0;K3,K2,K1;9500;280000.0;270500.0
2024-10-22;2024;10;C426;Várzea Grande;X2;220000;V4;2100000;3;0.05;11000.0;K3,K1,K2;9500;209000.0;199500.0
2025-12-11;2025;12;C427;Várzea Grande;X3;280000;V3;1900000;3;0.02;5600.0;K1,K2;7500;274400.0;266900.0
2025-08-24;2025;8;C428;Diamantino;X3;280000;V2;1700000;3;0.05;14000.0;K2,K1,K3;9500;266000.0;256500.0
2022-06-06;2022;6;C429;Cuiabá;X1;200000;V4;2100000;3;0.0;0.0;K0;0;200000.0;200000.0
2023-06-06;2023;6;C429;Cuiabá;X1;200000;V3;1900000;3;0.02;4000.0;K1;3000;196000.0;193000.0
2025-09-13;2025;9;C430;Cuiabá;X3;280000;V1;1500000;1;0.05;14000.0;K0;0;266000.0;266000.0
2025-10-05;2025;10;C431;Cuiabá;X3;280000;V5;2300000;3;0.0;0.0;K0;0;280000.0;280000.0
2023-05-28;2023;5;C432;Várzea Grande;X1;200000;V4;2100000;1;0.02;4000.0;K3,K2,K1;9500;196000.0;186500.0
2024-05-27;2024;5;C432;Várzea Grande;X2;220000;V1;1500000;2;0.02;4400.0;K1,K2;7500;215600.0;208100.0
2025-05-27;2025;5;C432;Várzea Grande;X1;200000;V4;2100000;2;0.0;0.0;K3;2000;200000.0;198000.0
2022-12-24;2022;12;C433;Várzea Grande;X1;200000;V5;2300000;2;0.05;10000.0;K0;0;190000.0;190000.0
2025-06-23;2025;6;C433;Várzea Grande;X1;200000;V1;1500000;3;0.0;0.0;K0;0;200000.0;200000.0
2022-08-01;2022;8;C435;Cuiabá;X3;280000;V3;1900000;3;0.02;5600.0;K0;0;274400.0;274400.0
2024-07-31;2024;7;C435;Cuiabá;X2;220000;V4;2100000;2;0.02;4400.0;K1,K3,K2;9500;215600.0;206100.0
2026-03-27;2026;3;C436;Várzea Grande;X3;280000;V5;2300000;3;0.02;5600.0;K2,K3,K1;9500;274400.0;264900.0
2025-12-31;2025;12;C437;Cuiabá;X2;220000;V1;1500000;2;0.02;4400.0;K1,K3,K2;9500;215600.0;206100.0
2026-01-28;2026;1;C438;Diamantino;X1;200000;V3;1900000;3;0.02;4000.0;K0;0;196000.0;196000.0
2025-09-11;2025;9;C440;Cuiabá;X3;280000;V3;1900000;2;0.02;5600.0;K1;3000;274400.0;271400.0
2022-09-07;2022;9;C441;Cuiabá;X2;220000;V1;1500000;1;0.0;0.0;K3,K1,K2;9500;220000.0;210500.0
2025-11-02;2025;11;C443;Cuiabá;X1;200000;V1;1500000;2;0.0;0.0;K0;0;200000.0;200000.0
2022-12-01;2022;12;C444;Cuiabá;X3;280000;V1;1500000;2;0.0;0.0;K0;0;280000.0;280000.0
2023-12-01;2023;12;C444;Cuiabá;X3;280000;V2;1700000;2;0.0;0.0;K2,K3;6500;280000.0;273500.0
2023-11-27;2023;11;C447;Nova Mutum;X3;280000;V3;1900000;1;0.05;14000.0;K1,K3;5000;266000.0;261000.0
2025-11-30;2025;11;C448;Várzea Grande;X1;200000;V4;2100000;1;0.0;0.0;K0;0;200000.0;200000.0
2026-05-02;2026;5;C449;Cuiabá;X2;220000;V4;2100000;3;0.05;11000.0;K1;3000;209000.0;206000.0
2023-11-21;2023;11;C450;;X1;200000;V5;2300000;3;0.05;10000.0;K0;0;190000.0;190000.0
2024-11-20;2024;11;C450;Cuiabá;X2;220000;V5;2300000;3;0.0;0.0;K2,K1;7500;220000.0;212500.0
2025-11-20;2025;11;C450;Cuiabá;X1;200000;V5;2300000;3;0.0;0.0;K3,K1,K2;9500;200000.0;190500.0
2026-03-19;2026;3;C452;Várzea Grande;X2;220000;V2;1700000;1;0.0;0.0;K0;0;220000.0;220000.0
2025-12-26;2025;12;C453;Várzea Grande;X2;220000;V3;1900000;3;0.05;11000.0;K1;3000;209000.0;206000.0
2025-04-04;2025;4;C455;Cuiabá;X3;280000;V4;2100000;1;0.05;14000.0;K1,K2;7500;266000.0;258500.0
2022-10-13;2022;10;C457;Cuiabá;X2;220000;V2;1700000;2;0.0;0.0;K2;4500;220000.0;215500.0
2023-06-17;2023;6;C458;Várzea Grande;X1;200000;V3;1900000;3;0.0;0.0;K0;0;200000.0;200000.0
2024-06-16;2024;6;C458;Várzea Grande;X2;220000;V2;1700000;2;0.0;0.0;K2,K1;7500;220000.0;212500.0
2025-06-16;2025;6;C458;Várzea Grande;X2;220000;V5;2300000;2;0.0;0.0;K3,K1,K2;9500;220000.0;210500.0
2025-04-18;2025;4;C459;Cuiabá;X3;280000;V4;2100000;2;0.02;5600.0;K3;2000;274400.0;272400.0
2026-04-18;2026;4;C459;Cuiabá;X1;200000;V2;1700000;2;0.02;4000.0;K1,K3,K2;9500;196000.0;186500.0
2022-08-14;2022;8;C460;Cuiabá;X3;280000;V1;1500000;2;0.02;5600.0;K3,K1;5000;274400.0;269400.0
2025-02-11;2025;2;C460;Cuiabá;X1;200000;V5;2300000;2;0.0;0.0;K1;3000;200000.0;197000.0
2024-01-11;2024;1;C461;Cuiabá;X1;200000;V4;2100000;2;0.05;10000.0;K3;2000;190000.0;188000.0
2025-01-10;2025;1;C461;Cuiabá;X3;280000;V5;2300000;1;0.0;0.0;K1,K2;7500;280000.0;272500.0
2026-01-10;2026;1;C461;Cuiabá;X2;220000;V4;2100000;3;0.05;11000.0;K0;0;209000.0;209000.0
2022-10-07;2022;10;C462;Várzea Grande;X3;999999;V1;1500000;3;0.02;5600.0;K3,K1;5000;274400.0;269400.0
2022-09-05;2022;9;C463;Várzea Grande;X2;220000;V1;1500000;2;0.0;0.0;K2,K1;7500;220000.0;212500.0
2023-09-05;2023;9;C463;Várzea Grande;X3;280000;V5;2300000;texto;0.05;14000.0;K0;0;266000.0;266000.0
2024-09-04;2024;9;C463;Várzea Grande;X1;200000;V2;1700000;3;0.02;4000.0;K1,K2,K3;9500;196000.0;186500.0
2025-09-04;2025;9;C463;Várzea Grande;X2;220000;V3;1900000;2;0.02;4400.0;K1,K3;5000;215600.0;210600.0
2024-04-22;2024;4;C464;Várzea Grande;X1;200000;V4;2100000;3;0.05;10000.0;K3,K2;6500;190000.0;183500.0
2026-04-22;2026;4;C464;Várzea Grande;X1;200000;V2;1700000;1;0.02;4000.0;K0;0;196000.0;196000.0
2023-04-18;2023;4;C466;Cuiabá;X2;220000;V2;1700000;2;0.0;0.0;K0;0;220000.0;220000.0
2025-10-16;2025;10;C466;Cuiabá;X3;280000;V5;2300000;3;0.0;0.0;K2,K3;6500;280000.0;273500.0
2025-12-26;2025;12;C467;Cuiabá;X1;200000;V2;1700000;3;0.05;10000.0;K3,K2;6500;190000.0;183500.0
2025-12-29;2025;12;C468;Diamantino;X3;280000;V5;2300000;2;0.05;14000.0;K2,K1;7500;266000.0;258500.0
2023-08-23;2023;8;C469;Cuiabá;X1;200000;V2;1700000;3;0.02;4000.0;K1,K3;5000;196000.0;191000.0
2024-08-22;2024;8;C469;Cuiabá;X1;200000;V2;1700000;1;0.05;10000.0;K1;3000;190000.0;187000.0
2024-11-03;2024;11;C470;Nova Mutum;X3;280000;V1;1500000;2;0.05;14000.0;K1,K2;7500;266000.0;258500.0
2025-11-03;2025;11;C470;Nova Mutum;X1;200000;V5;2300000;1;0.02;4000.0;K0;0;196000.0;196000.0
2024-03-01;2024;3;C471;Cuiabá;X3;280000;V5;2300000;3;0.02;5600.0;K2,K1;7500;274400.0;266900.0
2026-03-01;2026;3;C471;Cuiabá;X2;220000;V3;1900000;3;0.05;11000.0;K0;0;209000.0;209000.0
2023-01-10;2023;1;C472;Nova Mutum;X1;200000;V4;2100000;2;0.02;4000.0;K0;0;196000.0;196000.0
2025-12-19;2025;12;C473;Cuiabá;X2;220000;V2;1700000;3;0.0;0.0;K0;0;220000.0;220000.0
2024-11-13;2024;11;C474;Diamantino;X3;280000;V4;2100000;3;0.0;0.0;K3,K1;5000;280000.0;275000.0
2024-05-24;2024;5;C475;Várzea Grande;X2;220000;V3;1900000;2;0.02;4400.0;K2;4500;215600.0;211100.0
2025-05-24;2025;5;C475;Várzea Grande;X2;220000;V5;2300000;2;0.0;0.0;K2,K3,K1;9500;220000.0;210500.0
2024-09-30;2024;9;C476;Nova Mutum;X3;280000;V5;2300000;2;0.0;0.0;K2;4500;280000.0;275500.0
2024-08-31;2024;8;C478;Várzea Grande;X1;200000;V5;2300000;2;0.02;4000.0;K1;3000;196000.0;193000.0
2024-01-28;2024;1;C480;Várzea Grande;X1;200000;V1;1500000;1;0.0;0.0;K2,K3;6500;200000.0;193500.0
2026-01-27;2026;1;C480;Várzea Grande;X2;220000;V4;2100000;1;0.0;0.0;K3,K1,K2;9500;220000.0;210500.0
2023-12-04;2023;12;C481;Várzea Grande;X3;280000;V3;1900000;3;0.05;14000.0;K2,K3,K1;9500;266000.0;256500.0
2023-01-15;2023;1;C482;Várzea Grande;X1;200000;V3;1900000;1;0.0;0.0;K0;0;200000.0;200000.0
2025-01-14;2025;1;C482;Várzea Grande;X3;280000;V2;1700000;2;0.02;5600.0;K2;4500;274400.0;269900.0
2024-09-21;2024;9;C483;Várzea Grande;X1;200000;V3;1900000;3;0.02;4000.0;K0;0;196000.0;196000.0
2023-06-16;2023;6;C484;Várzea Grande;X1;200000;V5;2300000;2;0.0;0.0;K3,K2;6500;200000.0;193500.0
2025-12-14;2025;12;C484;Várzea Grande;X3;280000;V3;1900000;1;0.0;0.0;K1;3000;280000.0;277000.0
2025-04-11;2025;4;C485;Várzea Grande;X2;220000;V3;1900000;1;0.0;0.0;K0;0;220000.0;220000.0
2026-04-11;2026;4;C485;Várzea Grande;X1;200000;V2;1700000;2;0.05;10000.0;K0;0;190000.0;190000.0
2025-01-22;2025;1;C487;Cuiabá;X1;200000;V4;2100000;2;0.05;10000.0;K3;2000;190000.0;188000.0
2023-01-13;2023;1;C488;Cuiabá;X1;200000;V2;1700000;1;0.02;4000.0;K1;3000;196000.0;193000.0
2024-01-13;2024;1;C488;Cuiabá;X1;200000;V1;1500000;1;0.0;0.0;K1,K3;5000;200000.0;195000.0
2022-08-12;2022;8;C490;Diamantino;X1;200000;V1;1500000;1;0.05;10000.0;K1,K3,K2;9500;190000.0;180500.0
2023-12-05;2023;12;C491;Várzea Grande;X1;200000;V5;2300000;3;0.05;10000.0;K3,K1,K2;9500;190000.0;180500.0
2024-12-04;2024;12;C491;Várzea Grande;X3;280000;V2;1700000;3;0.05;14000.0;K1,K3;5000;266000.0;261000.0
2026-05-04;2026;5;C492;Várzea Grande;X1;200000;V4;2100000;1;0.99;10000.0;K0;0;190000.0;190000.0
2024-09-30;2024;9;C493;Cuiabá;X1;200000;V3;1900000;texto;0.0;0.0;K3;2000;200000.0;198000.0
2026-04-28;2026;4;C494;Cuiabá;X1;200000;V3;1900000;2;0.02;4000.0;K0;0;196000.0;196000.0
2023-12-17;2023;12;C495;Várzea Grande;X3;280000;V4;2100000;1;0.0;0.0;K2,K1;7500;280000.0;272500.0
2024-06-06;2024;6;C496;Cuiabá;X2;220000;V1;1500000;1;0.02;4400.0;K3,K1,K2;9500;215600.0;206100.0
2024-08-01;2024;8;C497;Várzea Grande;X1;200000;V2;1700000;1;0.0;0.0;K2;4500;200000.0;195500.0
2025-08-01;2025;8;C497;Várzea Grande;X2;220000;V1;1500000;3;0.0;0.0;K2,K3,K1;9500;220000.0;210500.0
2024-08-12;2024;8;C498;Cuiabá;X2;220000;V4;2100000;1;0.05;11000.0;K2;4500;209000.0;204500.0
2023-01-21;2023;1;C499;Nova Mutum;X3;280000;V2;1700000;3;0.0;0.0;K0;0;280000.0;280000.0
2025-12-02;2025;12;C074;Diamantino;X2;220000;V3;1900000;1;0.05;11000.0;K1;3000;209000.0;206000.0
2025-05-05;2025;5;C295;Cuiabá;X2;220000;V4;2100000;2;0.02;4400.0;K0;0;215600.0;215600.0
2025-01-22;2025;1;C187;Diamantino;X1;200000;V2;1700000;3;0.02;4000.0;K0;0;196000.0;196000.0
2025-03-20;2025;3;C076;Várzea Grande;X1;200000;V1;1500000;1;0.02;4000.0;K3;2000;196000.0;194000.0
2024-06-08;2024;6;C050;Cuiabá;X3;280000;V4;2100000;1;0.05;14000.0;K3;2000;266000.0;264000.0
2022-08-26;2022;8;C015;Cuiabá;X2;220000;V3;1900000;1;0.02;4400.0;K2,K3;6500;215600.0;209100.0
2022-12-01;2022;12;C444;Cuiabá;X3;280000;V1;1500000;2;0.0;0.0;K0;0;280000.0;280000.0
2022-12-04;2022;12;C090;Várzea Grande;X1;200000;V2;1700000;3;0.0;0.0;K3,K1;5000;200000.0;195000.0
2023-04-24;2023;4;C319;Cuiabá;X2;220000;V5;2300000;1;0.05;11000.0;K1;3000;209000.0;206000.0
2024-12-20;2024;12;C147;Várzea Grande;X3;280000;V1;1500000;1;0.0;0.0;K2,K3;6500;280000.0;273500.0
2023-03-15;2023;3;C229;Diamantino;X1;200000;V1;1500000;texto;0.05;10000.0;K0;0;190000.0;190000.0
2026-04-11;2026;4;C311;Várzea Grande;X2;220000;V2;1700000;2;0.05;11000.0;K2;4500;209000.0;204500.0
2024-11-29;2024;11;C062;Cuiabá;X2;220000;V4;2100000;1;0.02;4400.0;K1,K2;7500;215600.0;208100.0
2024-04-06;2024;4;C254;Cuiabá;X3;280000;V1;1500000;2;0.05;14000.0;K2,K1;7500;266000.0;258500.0
2022-08-10;2022;8;C072;Cuiabá;X1;200000;V3;1900000;1;0.05;10000.0;K2,K3,K1;9500;190000.0;180500.0
2023-01-15;2023;1;C482;Várzea Grande;X1;200000;V3;1900000;1;0.0;0.0;K0;0;200000.0;200000.0
2025-03-31;2025;3;C094;Várzea Grande;X3;280000;V2;1700000;1;0.05;14000.0;K2,K1,K3;9500;266000.0;256500.0
2026-01-27;2026;1;C480;Várzea Grande;X2;220000;V4;2100000;1;0.0;0.0;K3,K1,K2;9500;220000.0;210500.0
2024-07-19;2024;7;C209;Cuiabá;X1;200000;V2;1700000;3;0.0;0.0;K3,K2,K1;9500;200000.0;190500.0
2023-10-14;2023;10;C236;Várzea Grande;X3;280000;V3;1900000;1;0.02;5600.0;K2,K3;6500;274400.0;267900.0
2024-09-14;2024;9;C334;Cuiabá;X2;220000;V4;2100000;2;0.05;11000.0;K3;2000;209000.0;207000.0
2023-06-16;2023;6;C282;Cuiabá;X3;280000;V3;1900000;2;0.05;14000.0;K3,K2,K1;9500;266000.0;256500.0
2023-02-02;2023;2;C262;Nova Mutum;X3;280000;V3;1900000;2;0.05;14000.0;K3,K1;5000;266000.0;261000.0
2025-05-24;2025;5;C135;Nova Mutum;X1;200000;V2;1700000;1;0.05;10000.0;K1,K3,K2;9500;190000.0;180500.0
2026-04-15;2026;4;C190;Cuiabá;X1;200000;V1;1500000;2;0.0;0.0;K0;0;200000.0;200000.0
2024-07-30;2024;7;C116;Diamantino;X3;280000;V3;1900000;1;0.0;0.0;K3,K2,K1;9500;280000.0;270500.0
2025-10-22;2025;10;C312;Cuiabá;X2;220000;V2;1700000;2;0.02;4400.0;K2,K3;6500;215600.0;209100.0
2025-11-15;2025;11;C211;Várzea Grande;X2;220000;V5;2300000;1;0.0;0.0;K2,K1;7500;220000.0;212500.0
2025-02-23;2025;2;C015;Cuiabá;X3;280000;V5;2300000;1;0.0;0.0;K3;2000;280000.0;278000.0
2025-01-01;2025;1;C173;Várzea Grande;X1;200000;V4;2100000;3;0.0;0.0;K3;2000;200000.0;198000.0
2025-09-09;2025;9;C389;Várzea Grande;X1;200000;V1;1500000;2;0.02;4000.0;K0;0;196000.0;196000.0
2024-11-05;2024;11;C324;Cuiabá;X1;200000;V3;1900000;3;0.0;0.0;K0;0;200000.0;200000.0
2023-10-16;2023;10;C043;Cuiabá;X2;220000;V5;2300000;1;0.0;0.0;K0;0;220000.0;220000.0
2026-03-30;2026;3;C349;Cuiabá;X1;200000;V3;1900000;3;0.05;10000.0;K1;3000;190000.0;187000.0
2024-08-01;2024;8;C497;Várzea Grande;X1;200000;V2;1700000;1;0.0;0.0;K2;4500;200000.0;195500.0
2023-02-19;2023;2;C325;Nova Mutum;X1;200000;V4;2100000;2;0.02;4000.0;K2;4500;196000.0;191500.0
2025-03-06;2025;3;C132;Cuiabá;X3;280000;V2;1700000;1;0.05;14000.0;K0;0;266000.0;266000.0
2024-12-11;2024;12;C391;Nova Mutum;X1;200000;V1;1500000;3;0.02;4000.0;K0;0;196000.0;196000.0
2024-10-05;2024;10;C398;Várzea Grande;X3;280000;V4;2100000;3;0.05;14000.0;K2,K1;7500;266000.0;258500.0
2023-12-07;2023;12;C168;Cuiabá;X1;200000;V5;2300000;2;0.0;0.0;K2,K1;7500;200000.0;192500.0
2024-01-24;2024;1;C346;Várzea Grande;X1;200000;V3;1900000;1;0.0;0.0;K3,K1,K2;9500;200000.0;190500.0
2025-03-31;2025;3;C094;Várzea Grande;X3;280000;V2;1700000;1;0.05;14000.0;K2,K1,K3;9500;266000.0;256500.0
2025-09-08;2025;9;C330;Cuiabá;X1;200000;V2;1700000;1;0.02;4000.0;K3;2000;196000.0;194000.0
2025-12-29;2025;12;C468;Diamantino;X3;280000;V5;2300000;2;0.05;14000.0;K2,K1;7500;266000.0;258500.0
2022-08-26;2022;8;C015;Cuiabá;X2;220000;V3;1900000;1;0.02;4400.0;K2,K3;6500;215600.0;209100.0
2022-06-23;2022;6;C119;Diamantino;X2;220000;V2;1700000;3;0.02;4400.0;K3,K1,K2;9500;215600.0;206100.0
2023-11-03;2023;11;C189;Várzea Grande;X2;220000;V5;2300000;1;0.02;4400.0;K3,K2;6500;215600.0;209100.0
2025-02-01;2025;2;C262;Nova Mutum;X3;280000;V5;2300000;1;0.02;5600.0;K3,K1,K2;9500;274400.0;264900.0
2025-10-05;2025;10;C431;Cuiabá;X3;280000;V5;2300000;3;0.0;0.0;K0;0;280000.0;280000.0
2025-07-21;2025;7;C213;Várzea Grande;X3;280000;V2;1700000;2;0.05;14000.0;K0;0;266000.0;266000.0
2025-08-06;2025;8;C010;Várzea Grande;X1;200000;V4;2100000;2;0.02;4000.0;K3;2000;196000.0;194000.0
2025-07-06;2025;7;C166;Diamantino;X2;220000;V2;1700000;3;0.02;4400.0;K3;2000;215600.0;213600.0
2025-10-13;2025;10;C236;Várzea Grande;X3;280000;V3;1900000;2;0.02;5600.0;K0;0;274400.0;274400.0
2025-02-13;2025;2;C393;Cuiabá;X2;220000;V1;1500000;1;0.02;4400.0;K2;4500;215600.0;211100.0
2022-07-17;2022;7;C234;Várzea Grande;X2;220000;V2;1700000;3;0.02;4400.0;K1,K2;7500;215600.0;208100.0
2025-11-09;2025;11;C066;Várzea Grande;X1;200000;V5;2300000;2;0.05;10000.0;K1;3000;190000.0;187000.0
2026-02-28;2026;2;C249;Nova Mutum;X1;200000;V4;2100000;3;0.02;4000.0;K1;3000;196000.0;193000.0
2023-05-16;2023;5;C307;Várzea Grande;X3;280000;V3;1900000;1;0.0;0.0;K3,K1;5000;280000.0;275000.0
2026-04-21;2026;4;C289;Cuiabá;X1;200000;V2;1700000;2;0.02;4000.0;K1,K2,K3;9500;196000.0;186500.0
2024-03-30;2024;3;C349;Cuiabá;X2;220000;V1;1500000;3;0.0;0.0;K0;0;220000.0;220000.0
2024-06-13;2024;6;C024;Cuiabá;X2;220000;V2;1700000;2;0.02;4400.0;K1,K3;5000;215600.0;210600.0
2022-12-03;2022;12;C143;Várzea Grande;X2;220000;V2;1700000;3;0.02;4400.0;K1,K3;5000;215600.0;210600.0
2022-07-07;2022;7;C058;Cuiabá;X1;200000;V5;2300000;1;0.02;4000.0;K0;0;196000.0;196000.0
2025-03-05;2025;3;C390;Diamantino;X2;220000;V5;2300000;3;0.02;4400.0;K1;3000;215600.0;212600.0
2025-02-01;2025;2;C262;Nova Mutum;X3;280000;V5;2300000;1;0.02;5600.0;K3,K1,K2;9500;274400.0;264900.0
2026-01-03;2026;1;C002;Nova Mutum;X2;220000;V3;1900000;3;0.0;0.0;K3,K2;6500;220000.0;213500.0
2025-07-10;2025;7;C263;Cuiabá;X3;280000;V4;2100000;1;0.05;14000.0;K1,K3;5000;266000.0;261000.0
2025-05-31;2025;5;C395;Cuiabá;X1;200000;V3;1900000;2;0.05;10000.0;K1;3000;190000.0;187000.0
2025-10-21;2025;10;C075;Várzea Grande;X3;280000;V3;1900000;2;0.02;5600.0;K0;0;274400.0;274400.0
2025-02-18;2025;2;C325;Nova Mutum;X1;200000;V5;2300000;2;0.02;4000.0;K3,K2;6500;196000.0;189500.0
2025-07-03;2025;7;C273;Diamantino;X3;280000;V2;1700000;1;0.02;5600.0;K0;0;274400.0;274400.0
2025-11-20;2025;11;C387;Cuiabá;X2;220000;V4;2100000;3;0.02;4400.0;K0;0;215600.0;215600.0
2022-08-03;2022;8;C117;Diamantino;X2;220000;V5;2300000;3;0.02;4400.0;K3,K1,K2;9500;215600.0;206100.0
2026-03-22;2026;3;C141;Nova Mutum;X3;280000;V1;1500000;1;0.0;0.0;K3,K1,K2;9500;280000.0;270500.0
2024-01-23;2024;1;C187;Diamantino;X1;200000;V4;2100000;1;0.02;4000.0;K0;0;196000.0;196000.0
2025-01-22;2025;1;C187;Diamantino;X1;200000;V2;1700000;3;0.02;4000.0;K0;0;196000.0;196000.0
2025-11-13;2025;11;C307;Várzea Grande;X2;220000;V2;1700000;2;0.0;0.0;K3;2000;220000.0;218000.0
2025-05-18;2025;5;C313;Cuiabá;X1;200000;V2;1700000;2;0.05;10000.0;K1,K3;5000;190000.0;185000.0
2024-01-02;2024;1;C173;Várzea Grande;X1;200000;V4;2100000;2;0.0;0.0;K1,K2;7500;200000.0;192500.0
2023-07-15;2023;7;C201;Várzea Grande;X1;200000;V1;1500000;2;0.0;0.0;K3,K1,K2;9500;200000.0;190500.0
2025-03-27;2025;3;C232;Várzea Grande;X1;200000;V1;1500000;2;0.0;0.0;K0;0;200000.0;200000.0
2026-01-02;2026;1;C039;Várzea Grande;X1;200000;V1;1500000;1;0.02;4000.0;K3,K2;6500;196000.0;189500.0
2022-08-11;2022;8;C148;Várzea Grande;X3;280000;V5;2300000;3;0.02;5600.0;K1;3000;274400.0;271400.0
2024-09-18;2024;9;C131;Cuiabá;X3;280000;V2;1700000;2;0.05;14000.0;K3;2000;266000.0;264000.0
2026-03-02;2026;3;C256;Várzea Grande;X1;200000;V1;1500000;texto;0.02;4000.0;K3;2000;196000.0;194000.0
2025-07-03;2025;7;C335;Cuiabá;X1;200000;V5;2300000;2;0.0;0.0;K3,K2;6500;200000.0;193500.0
2025-06-04;2025;6;C028;Várzea Grande;X3;280000;V1;1500000;2;0.0;0.0;K0;0;280000.0;280000.0
2024-06-07;2024;6;C113;Nova Mutum;X1;200000;V2;1700000;2;0.05;10000.0;K1;3000;190000.0;187000.0
2025-04-17;2025;4;C011;Cuiabá;X2;220000;V1;1500000;2;0.05;11000.0;K2;4500;209000.0;204500.0
2025-09-20;2025;9;C045;Cuiabá;X3;280000;V3;1900000;1;0.05;14000.0;K2,K3,K1;9500;266000.0;256500.0
2022-09-29;2022;9;C357;Cuiabá;X3;280000;V3;1900000;2;0.0;0.0;K0;0;280000.0;280000.0
2023-10-14;2023;10;C236;Várzea Grande;X3;280000;V3;1900000;1;0.02;5600.0;K2,K3;6500;274400.0;267900.0
2026-03-20;2026;3;C093;Várzea Grande;X2;220000;V3;1900000;2;0.05;11000.0;K0;0;209000.0;209000.0
2023-08-23;2023;8;C469;Cuiabá;X1;200000;V2;1700000;texto;0.02;4000.0;K1,K3;5000;196000.0;191000.0
2024-02-08;2024;2;C322;Várzea Grande;X2;220000;V2;1700000;3;0.0;0.0;K1;3000;220000.0;217000.0
2023-09-21;2023;9;C045;Cuiabá;X1;200000;V4;2100000;2;0.05;10000.0;K2,K1;7500;190000.0;182500.0
2025-09-10;2025;9;C100;Cuiabá;X3;280000;V2;1700000;1;0.05;14000.0;K2,K3;6500;266000.0;259500.0
2024-10-25;2024;10;C342;Várzea Grande;X1;999999;V1;1500000;1;0.02;4000.0;K0;0;196000.0;196000.0
2024-11-02;2024;11;C424;Várzea Grande;X3;280000;V3;1900000;1;0.0;0.0;K1;3000;280000.0;277000.0
2024-01-10;2024;1;C265;Diamantino;X2;220000;V4;2100000;3;0.0;0.0;K3,K2,K1;9500;220000.0;210500.0
2023-12-05;2023;12;C491;Várzea Grande;X1;200000;V5;2300000;3;0.99;10000.0;K3,K1,K2;9500;190000.0;180500.0
2026-03-19;2026;3;C285;Várzea Grande;X3;280000;V4;2100000;3;0.05;14000.0;K2,K1;7500;266000.0;258500.0
2022-07-03;2022;7;C197;Várzea Grande;X3;280000;V1;1500000;3;0.02;5600.0;K0;0;274400.0;274400.0
2025-03-02;2025;3;C256;Várzea Grande;X3;280000;V4;2100000;2;0.0;0.0;K2,K1;7500;280000.0;272500.0
2026-03-30;2026;3;C333;Cuiabá;X2;220000;V1;1500000;3;0.0;0.0;K1,K2;7500;220000.0;212500.0
2024-06-30;2024;6;C159;Cuiabá;X2;220000;V3;1900000;3;0.0;0.0;K3,K1,K2;9500;220000.0;210500.0
2025-06-04;2025;6;C028;Várzea Grande;X3;280000;V1;1500000;2;0.0;0.0;K0;0;280000.0;280000.0
2026-05-11;2026;5;C019;Várzea Grande;X2;220000;V2;1700000;2;0.02;4400.0;K3,K2,K1;9500;215600.0;206100.0
2023-05-20;2023;5;C098;Várzea Grande;X1;200000;V3;1900000;1;0.05;10000.0;K2,K3;6500;190000.0;183500.0
2024-03-22;2024;3;C141;Nova Mutum;X2;220000;V1;1500000;2;0.05;11000.0;K2;4500;209000.0;204500.0
2026-02-09;2026;2;C023;Cuiabá;X2;220000;V4;2100000;3;0.02;4400.0;K1,K3;5000;215600.0;210600.0
2023-10-14;2023;10;C037;Cuiabá;X2;220000;V5;2300000;3;0.0;0.0;K1,K3;5000;220000.0;215000.0
2024-05-19;2024;5;C344;Várzea Grande;X3;280000;V4;2100000;3;0.05;14000.0;K1,K3,K2;9500;266000.0;256500.0
2022-05-28;2022;5;C277;Várzea Grande;X3;280000;V5;2300000;2;0.0;0.0;K0;0;280000.0;280000.0
2026-05-12;2026;5;C405;Cuiabá;X3;280000;V5;2300000;2;0.02;5600.0;K1,K2,K3;9500;274400.0;264900.0
2025-12-16;2025;12;C071;Várzea Grande;X1;200000;V2;1700000;2;0.02;4000.0;K3,K2,K1;9500;196000.0;186500.0
2024-08-12;2024;8;C498;Cuiabá;X2;220000;V4;2100000;1;0.05;11000.0;K2;4500;209000.0;204500.0
2025-10-18;2025;10;C381;Cuiabá;X3;280000;V5;2300000;1;0.0;0.0;K3,K2,K1;9500;280000.0;270500.0
2022-09-07;2022;9;C441;Cuiabá;X2;220000;V1;1500000;1;0.0;0.0;K3,K1,K2;9500;220000.0;210500.0
2025-05-18;2025;5;C313;Cuiabá;X1;200000;V2;1700000;2;0.05;10000.0;K1,K3;5000;190000.0;185000.0
2026-04-22;2026;4;C464;Várzea Grande;X1;200000;V2;1700000;1;0.02;4000.0;K0;0;196000.0;196000.0
2026-02-17;2026;2;C005;Cuiabá;X3;280000;V3;1900000;3;0.05;14000.0;K1,K2,K3;9500;266000.0;256500.0
2025-02-08;2025;2;C148;Várzea Grande;X3;280000;V5;2300000;1;0.05;14000.0;K0;0;266000.0;266000.0
2024-05-19;2024;5;C344;Várzea Grande;X3;280000;V4;2100000;3;0.05;14000.0;K1,K3,K2;9500;266000.0;256500.0
2025-04-26;2025;4;C271;Diamantino;X1;200000;V5;2300000;2;0.0;0.0;K3,K2,K1;9500;200000.0;190500.0
2026-04-10;2026;4;C266;Várzea Grande;X2;220000;V4;2100000;1;0.02;4400.0;K1,K3,K2;9500;215600.0;206100.0
2023-11-01;2023;11;C144;Cuiabá;X3;280000;V4;2100000;1;0.99;5600.0;K2;4500;274400.0;269900.0
2025-04-17;2025;4;C011;Cuiabá;X2;220000;V1;1500000;2;0.05;11000.0;K2;4500;209000.0;204500.0
2024-01-20;2024;1;C386;Diamantino;X1;200000;V1;1500000;1;0.05;10000.0;K2,K1;7500;190000.0;182500.0
2023-05-19;2023;5;C313;Cuiabá;X3;280000;V2;1700000;2;0.0;0.0;K3;2000;280000.0;278000.0
2025-09-18;2025;9;C407;Cuiabá;X2;220000;V1;1500000;3;0.0;0.0;K3;2000;220000.0;218000.0
2023-01-06;2023;1;C166;Diamantino;X1;200000;V2;1700000;3;0.05;10000.0;K1,K3,K2;9500;190000.0;180500.0
2024-02-14;2024;2;C393;Cuiabá;X3;280000;V2;1700000;2;0.02;5600.0;K2;4500;274400.0;269900.0
2024-11-08;2024;11;C070;Nova Mutum;X2;220000;V4;2100000;1;0.02;4400.0;K1,K2,K3;9500;215600.0;206100.0
2025-09-08;2025;9;C330;Cuiabá;X1;200000;V2;1700000;1;0.02;4000.0;K3;2000;196000.0;194000.0
2022-05-28;2022;5;C277;Várzea Grande;X3;280000;V5;2300000;2;0.0;0.0;K0;0;280000.0;280000.0
2024-06-30;2024;6;C159;Cuiabá;X2;220000;V3;1900000;3;0.0;0.0;K3,K1,K2;9500;220000.0;210500.0
2025-12-19;2025;12;C473;Cuiabá;X2;220000;V2;1700000;3;0.0;0.0;K0;0;220000.0;220000.0
2024-04-29;2024;4;C121;Diamantino;X3;280000;V3;1900000;3;0.02;5600.0;K0;0;274400.0;274400.0
2026-05-03;2026;5;C374;Várzea Grande;X3;280000;V5;2300000;2;0.0;0.0;K2,K1,K3;9500;280000.0;270500.0
2022-09-04;2022;9;C025;Várzea Grande;X1;200000;V4;2100000;3;0.0;0.0;K0;0;200000.0;200000.0
2026-01-29;2026;1;C359;Nova Mutum;X3;280000;V3;1900000;1;0.0;0.0;K1,K2;7500;280000.0;272500.0
2025-07-09;2025;7;C115;Várzea Grande;X1;200000;V4;2100000;1;0.05;10000.0;K2,K1,K3;9500;190000.0;180500.0
;2024;10;C167;Cuiabá;X1;200000;V4;2100000;1;0.05;10000.0;K1,K3;5000;190000.0;185000.0
2025-09-22;2025;9;C059;Cuiabá;X3;280000;V5;2300000;2;0.05;14000.0;K3,K2;6500;266000.0;259500.0
2026-02-22;2026;2;C409;Nova Mutum;X3;280000;V4;2100000;3;0.0;0.0;K2;4500;280000.0;275500.0
2024-08-01;2024;8;C497;Várzea Grande;X1;200000;V2;1700000;1;0.0;0.0;K2;4500;200000.0;195500.0
2024-01-19;2024;1;C388;Cuiabá;X3;280000;V5;2300000;1;0.0;0.0;K3,K2,K1;9500;280000.0;270500.0
2026-05-12;2026;5;C405;Cuiabá;X3;280000;V5;2300000;2;0.02;5600.0;K1,K2,K3;9500;274400.0;264900.0
2025-12-26;2025;12;C467;Cuiabá;X1;200000;V2;1700000;3;0.05;10000.0;K3,K2;6500;190000.0;183500.0
2026-05-11;2026;5;C019;Várzea Grande;X2;220000;V2;1700000;2;0.02;4400.0;K3,K2,K1;9500;215600.0;206100.0
2023-11-21;2023;11;C450;Cuiabá;X1;200000;V5;2300000;3;0.05;10000.0;K0;0;190000.0;190000.0
2025-11-20;2025;11;C387;Cuiabá;X2;220000;V4;2100000;3;0.02;4400.0;K0;0;215600.0;215600.0
2022-07-17;2022;7;C234;Várzea Grande;X2;220000;V2;1700000;3;0.02;4400.0;K1,K2;7500;215600.0;208100.0
2023-03-15;2023;3;C229;Diamantino;X1;200000;V1;1500000;2;0.05;10000.0;K0;0;190000.0;190000.0
2024-09-04;2024;9;C463;Várzea Grande;X1;200000;V2;1700000;3;0.02;4000.0;K1,K2,K3;9500;196000.0;186500.0
2026-01-23;2026;1;C346;Várzea Grande;X1;200000;V2;1700000;2;0.02;4000.0;K1,K3,K2;9500;196000.0;186500.0
2023-09-23;2023;9;C237;Cuiabá;X1;200000;V5;2300000;2;0.02;4000.0;K1,K3,K2;9500;196000.0;186500.0
2026-02-07;2026;2;C322;Várzea Grande;X2;220000;V4;2100000;3;0.02;4400.0;K2,K1,K3;9500;215600.0;206100.0
2024-06-30;2024;6;C159;Cuiabá;X2;220000;V3;1900000;3;0.0;0.0;K3,K1,K2;9500;220000.0;210500.0
2025-03-06;2025;3;C132;Cuiabá;X3;280000;V2;1700000;1;0.05;14000.0;K0;0;266000.0;266000.0
2024-02-06;2024;2;C153;Cuiabá;X1;200000;V2;1700000;1;0.0;0.0;K2,K3;6500;200000.0;193500.0
2025-08-31;2025;8;C260;Cuiabá;X1;200000;V5;2300000;2;0.0;0.0;K3,K1;5000;200000.0;195000.0
2026-04-06;2026;4;C255;Cuiabá;X1;200000;V5;2300000;2;0.02;4000.0;K1;3000;196000.0;193000.0
2025-03-23;2025;3;C193;Nova Mutum;X1;200000;V2;1700000;1;0.0;0.0;K2,K1;7500;200000.0;192500.0
2025-02-11;2025;2;C460;Cuiabá;X1;200000;V5;2300000;2;0.0;0.0;K1;3000;200000.0;197000.0
2024-06-16;2024;6;C458;Várzea Grande;X2;220000;V2;1700000;2;0.0;0.0;K2,K1;7500;220000.0;212500.0
2025-08-19;2025;8;C176;Cuiabá;X3;280000;V1;1500000;3;0.05;14000.0;K3,K2,K1;9500;266000.0;256500.0
2025-10-20;2025;10;C242;Nova Mutum;X2;220000;V1;1500000;1;0.02;4400.0;K3;2000;215600.0;213600.0
2025-11-13;2025;11;C307;Várzea Grande;X2;220000;V2;1700000;2;0.0;0.0;K3;2000;220000.0;218000.0
2024-04-19;2024;4;C280;Várzea Grande;X3;280000;V2;1700000;2;0.0;0.0;K3;2000;280000.0;278000.0
2024-08-22;2024;8;C469;Cuiabá;X1;200000;V2;1700000;1;0.05;10000.0;K1;3000;190000.0;187000.0
2024-04-23;2024;4;C215;Várzea Grande;X3;280000;V1;1500000;1;0.02;5600.0;K3;2000;274400.0;272400.0
2026-05-04;2026;5;C492;Várzea Grande;X1;200000;V4;2100000;1;0.05;10000.0;K0;0;190000.0;190000.0
2024-02-06;2024;2;C153;Cuiabá;X1;200000;V2;1700000;1;0.0;0.0;K2,K3;6500;200000.0;193500.0
2025-09-21;2025;9;C161;Cuiabá;X3;280000;V4;2100000;2;0.05;14000.0;K0;0;266000.0;266000.0
2024-08-12;2024;8;C498;Cuiabá;X2;220000;V4;2100000;1;0.05;11000.0;K2;4500;209000.0;204500.0
2023-01-15;2023;1;C482;Várzea Grande;X1;200000;V3;1900000;1;0.0;0.0;K0;0;200000.0;200000.0
2025-04-06;2025;4;C254;Cuiabá;X1;200000;V3;1900000;3;0.05;10000.0;K3;2000;190000.0;188000.0
2023-01-13;2023;1;C488;Cuiabá;X1;200000;V2;1700000;1;0.02;4000.0;K1;3000;196000.0;193000.0
2024-07-31;2024;7;C435;Cuiabá;X2;220000;V4;2100000;2;0.02;4400.0;K1,K3,K2;9500;215600.0;206100.0
2024-02-08;2024;2;C322;Várzea Grande;X2;220000;V2;1700000;3;0.0;0.0;K1;3000;220000.0;217000.0
2025-12-03;2025;12;C160;Várzea Grande;X1;200000;V4;2100000;2;0.02;4000.0;K0;0;196000.0;196000.0
2025-12-23;2025;12;C082;Várzea Grande;X3;280000;V5;2300000;2;0.0;0.0;K2,K1,K3;9500;280000.0;270500.0
2025-04-26;2025;4;C341;Várzea Grande;X1;200000;V3;1900000;1;0.0;0.0;K0;0;200000.0;200000.0
2025-05-29;2025;5;C297;Várzea Grande;X3;280000;V4;2100000;3;0.05;14000.0;K1,K3,K2;9500;266000.0;256500.0
2024-02-14;2024;2;C393;Cuiabá;X3;280000;V2;1700000;2;0.02;5600.0;K2;4500;274400.0;269900.0
2024-07-10;2024;7;C186;Várzea Grande;X1;200000;V2;1700000;1;0.02;4000.0;K0;0;196000.0;196000.0
2025-03-30;2025;3;C349;Cuiabá;;220000;V1;1500000;2;0.02;4400.0;K0;0;215600.0;215600.0
2023-02-02;2023;2;C262;Nova Mutum;X3;280000;V3;1900000;2;0.05;14000.0;K3,K1;5000;266000.0;261000.0
2024-02-02;2024;2;C262;Nova Mutum;X2;220000;V3;1900000;3;0.02;4400.0;K2;4500;215600.0;211100.0
2025-12-23;2025;12;C082;Várzea Grande;X3;280000;V5;2300000;2;0.0;0.0;K2,K1,K3;9500;280000.0;270500.0
2022-09-07;2022;9;C441;Cuiabá;X2;220000;V1;1500000;1;0.0;0.0;K3,K1,K2;9500;220000.0;210500.0
2025-04-04;2025;4;C455;Cuiabá;X3;280000;V4;2100000;1;0.05;14000.0;K1,K2;7500;266000.0;258500.0
2022-07-07;2022;7;C058;Cuiabá;X1;200000;V5;2300000;1;0.02;4000.0;K0;0;196000.0;196000.0
2025-12-23;2025;12;C082;;X3;280000;V5;2300000;2;0.0;0.0;K2,K1,K3;9500;280000.0;270500.0
2026-01-03;2026;1;C002;Nova Mutum;X2;220000;V3;1900000;3;0.0;0.0;K3,K2;6500;220000.0;213500.0
2024-04-22;2024;4;C464;Várzea Grande;X1;200000;V4;2100000;3;0.05;10000.0;K3,K2;6500;190000.0;183500.0
2026-02-18;2026;2;C149;Cuiabá;X2;220000;V5;2300000;1;0.02;4400.0;K1,K3,K2;9500;215600.0;206100.0
2025-05-31;2025;5;C395;Cuiabá;X1;200000;V3;1900000;2;0.05;10000.0;K1;3000;190000.0;187000.0
2024-02-06;2024;2;C153;Cuiabá;X1;200000;V2;1700000;1;0.0;0.0;K2,K3;6500;200000.0;193500.0
2025-08-31;2025;8;C260;Cuiabá;X1;200000;V5;2300000;2;0.0;0.0;K3,K1;5000;200000.0;195000.0
2025-05-21;2025;5;C274;Nova Mutum;X1;200000;V2;1700000;3;0.05;10000.0;K1;3000;190000.0;187000.0
2022-09-05;2022;9;C463;Várzea Grande;X2;220000;V1;1500000;2;0.0;0.0;K2,K1;7500;220000.0;212500.0
2022-10-01;2022;10;C094;Várzea Grande;X3;280000;V1;1500000;2;0.05;14000.0;K1;3000;266000.0;263000.0
2026-01-02;2026;1;C039;Várzea Grande;X1;200000;V1;1500000;1;0.02;4000.0;K3,K2;6500;196000.0;189500.0
2024-08-12;2024;8;C498;Cuiabá;X2;220000;V4;2100000;1;0.05;11000.0;K2;4500;209000.0;204500.0
2023-01-13;2023;1;C488;Cuiabá;X1;200000;V2;1700000;1;0.02;4000.0;K1;3000;196000.0;193000.0
2024-12-18;2024;12;C283;Cuiabá;X2;220000;V5;2300000;1;0.0;0.0;K3,K1,K2;9500;220000.0;210500.0
2024-02-14;2024;2;C171;Várzea Grande;X1;200000;V4;2100000;1;0.05;10000.0;K1,K2,K3;9500;190000.0;180500.0
2022-05-30;2022;5;C297;Várzea Grande;X2;220000;V4;2100000;1;0.02;4400.0;K0;0;215600.0;215600.0
2024-03-27;2024;3;C142;Cuiabá;X1;200000;V2;1700000;3;0.05;10000.0;K0;0;190000.0;190000.0
2024-02-03;2024;2;C128;Diamantino;X3;280000;V3;1900000;3;0.05;14000.0;K0;0;266000.0;266000.0
2023-12-04;2023;12;C090;Várzea Grande;X3;280000;V1;1500000;2;0.0;0.0;K0;0;280000.0;280000.0
2023-01-03;2023;1;C273;Diamantino;X2;220000;V1;1500000;1;0.05;11000.0;K3,K2,K1;9500;209000.0;199500.0
2024-11-26;2024;11;C198;Diamantino;X1;200000;V2;1700000;2;0.02;4000.0;K2,K3;6500;196000.0;189500.0
2023-06-08;2023;6;C192;Diamantino;X2;0;V1;1500000;2;0.0;0.0;K2,K1;7500;220000.0;212500.0
2025-12-31;2025;12;C437;Cuiabá;X2;220000;V1;1500000;2;0.02;4400.0;K1,K3,K2;9500;215600.0;206100.0
2023-05-09;2023;5;C139;Cuiabá;X2;220000;V1;1500000;1;0.02;4400.0;K2,K3,K1;9500;215600.0;206100.0
2026-03-30;2026;3;C349;Cuiabá;X1;200000;V3;1900000;3;0.05;10000.0;K1;3000;190000.0;187000.0
2025-06-23;2025;6;C104;Várzea Grande;X3;280000;V2;1700000;1;0.05;14000.0;K0;0;266000.0;266000.0
2026-03-27;2026;3;C436;Várzea Grande;X3;280000;V5;2300000;3;0.02;5600.0;K2,K3,K1;9500;274400.0;264900.0
2024-03-22;2024;3;C141;Nova Mutum;X2;220000;V1;1500000;2;0.05;11000.0;K2;4500;209000.0;204500.0
2024-12-03;2024;12;C090;Várzea Grande;X1;200000;V5;2300000;1;0.05;10000.0;K2;4500;190000.0;185500.0
2022-09-19;2022;9;C131;Cuiabá;X1;200000;V5;2300000;3;0.05;10000.0;K2;4500;190000.0;185500.0
2025-11-13;2025;11;C224;Cuiabá;X3;280000;V1;1500000;2;0.0;0.0;K2,K1,K3;9500;280000.0;270500.0
2023-04-15;2023;4;C316;Várzea Grande;X2;220000;V1;1500000;3;0.02;4400.0;K2,K3;6500;215600.0;209100.0
2024-09-22;2024;9;C237;Cuiabá;X2;220000;V4;2100000;3;0.02;4400.0;K0;0;215600.0;215600.0
2024-08-31;2024;8;C478;Várzea Grande;X1;200000;V5;2300000;2;0.02;4000.0;K1;3000;196000.0;193000.0
2025-05-21;2025;5;C274;Nova Mutum;X1;200000;V2;1700000;3;0.05;10000.0;K1;3000;190000.0;187000.0
2025-10-13;2025;10;C236;Várzea Grande;X3;280000;V3;1900000;2;0.02;5600.0;K0;0;274400.0;274400.0
2026-03-30;2026;3;C349;Cuiabá;X1;200000;V3;1900000;3;0.05;10000.0;K1;3000;190000.0;187000.0
2024-10-13;2024;10;C106;Cuiabá;X1;200000;V1;1500000;2;0.05;10000.0;K1,K3;5000;190000.0;185000.0
2026-05-07;2026;5;C107;Cuiabá;X3;280000;V3;1900000;3;0.0;0.0;K3;2000;280000.0;278000.0
2026-01-25;2026;1;C332;Várzea Grande;X3;280000;V1;1500000;3;0.02;5600.0;K1;3000;274400.0;271400.0
2024-09-04;2024;9;C463;Várzea Grande;X1;200000;V2;1700000;3;0.02;4000.0;K1,K2,K3;9500;196000.0;186500.0
2024-02-23;2024;2;C383;Várzea Grande;X3;280000;V3;1900000;1;0.0;0.0;K3,K2,K1;9500;280000.0;270500.0
2025-03-27;2025;3;C232;Várzea Grande;X1;200000;V1;1500000;2;0.0;0.0;K0;0;200000.0;200000.0
2025-09-04;2025;9;C463;Várzea Grande;X2;220000;V3;1900000;2;0.02;4400.0;K1,K3;5000;215600.0;210600.0
2026-02-07;2026;2;C322;Várzea Grande;X2;220000;V4;2100000;3;0.02;4400.0;K2,K1,K3;9500;215600.0;206100.0
2025-12-19;2025;12;C109;Cuiabá;X1;200000;V5;2300000;2;0.02;4000.0;K0;0;196000.0;196000.0
2025-12-14;2025;12;C282;Cuiabá;X2;220000;V2;1700000;3;0.0;0.0;K2,K1;7500;220000.0;212500.0
2024-11-27;2024;11;C203;Cuiabá;X1;200000;V4;2100000;1;0.0;0.0;K1;3000;200000.0;197000.0
2026-01-28;2026;1;C438;Diamantino;X1;200000;V3;1900000;3;0.02;4000.0;K0;0;196000.0;196000.0
2025-01-23;2025;1;C180;Cuiabá;X1;200000;V1;1500000;3;0.02;4000.0;K3,K1,K2;9500;196000.0;186500.0
2025-06-23;2025;6;C104;Várzea Grande;X3;280000;V2;1700000;1;0.05;14000.0;K0;0;266000.0;266000.0
2025-10-13;2025;10;C236;Várzea Grande;X3;280000;V3;1900000;2;0.02;5600.0;K0;0;274400.0;274400.0
2025-12-26;2025;12;C453;Várzea Grande;X2;220000;V3;1900000;3;0.05;11000.0;K1;3000;209000.0;206000.0
2025-11-07;2025;11;C403;Várzea Grande;X2;220000;V4;2100000;3;0.0;0.0;K3;2000;220000.0;218000.0
2026-01-03;2026;1;C002;Nova Mutum;X2;220000;V3;1900000;3;0.0;0.0;K3,K2;6500;220000.0;213500.0
2023-12-09;2023;12;C207;Cuiabá;X3;280000;V5;2300000;2;0.0;0.0;K0;0;280000.0;280000.0
2026-01-01;2026;1;C173;Várzea Grande;X3;0;V5;2300000;1;0.05;14000.0;K3;2000;266000.0;264000.0
2024-03-01;2024;3;C471;Cuiabá;X3;280000;V5;2300000;3;0.02;5600.0;K2,K1;7500;274400.0;266900.0
2022-10-01;2022;10;C306;Nova Mutum;X1;200000;V2;1700000;3;0.02;4000.0;K3,K1;5000;196000.0;191000.0
2025-03-04;2025;3;C025;Várzea Grande;X2;220000;V4;2100000;2;0.02;4400.0;K2;4500;215600.0;211100.0
2025-07-09;2025;7;C115;Várzea Grande;X1;200000;V4;2100000;1;0.05;10000.0;K2,K1,K3;9500;190000.0;180500.0
2025-11-05;2025;11;C007;Cuiabá;X3;280000;V5;2300000;1;0.02;5600.0;K0;0;274400.0;274400.0
2025-12-03;2025;12;C160;Várzea Grande;X1;200000;V4;2100000;2;0.02;4000.0;K0;0;196000.0;196000.0
2025-12-16;2025;12;C071;Várzea Grande;X1;200000;V2;1700000;2;0.02;4000.0;K3,K2,K1;9500;196000.0;186500.0
2024-09-30;2024;9;C476;Nova Mutum;X3;280000;V5;2300000;2;0.0;0.0;K2;4500;280000.0;275500.0
2024-10-31;2024;10;C144;Cuiabá;X1;200000;V4;2100000;2;0.05;10000.0;K2,K3;6500;190000.0;183500.0
2025-03-31;2025;3;C094;Várzea Grande;X3;280000;V2;1700000;1;0.05;14000.0;K2,K1,K3;9500;266000.0;256500.0
2024-10-23;2024;10;C275;Várzea Grande;X3;280000;V2;1700000;1;0.0;0.0;K2,K1,K3;9500;280000.0;270500.0
2025-11-20;2025;11;C110;Cuiabá;X2;220000;V4;2100000;3;0.0;0.0;K2,K1;7500;220000.0;212500.0
2023-12-16;2023;12;C040;Várzea Grande;X3;280000;V4;2100000;3;0.0;0.0;K2,K3,K1;9500;280000.0;270500.0
2023-04-09;2023;4;C088;Várzea Grande;X1;200000;V4;2100000;2;0.0;0.0;K2,K1;7500;200000.0;192500.0
2024-01-13;2024;1;C488;Cuiabá;X1;200000;V1;1500000;1;0.0;0.0;K1,K3;5000;200000.0;195000.0
2024-06-16;2024;6;C458;Várzea Grande;X2;220000;V2;1700000;2;0.0;0.0;K2,K1;7500;220000.0;212500.0
2025-10-16;2025;10;C418;Cuiabá;X3;280000;V1;1500000;2;0.05;14000.0;K1,K2,K3;9500;266000.0;256500.0
2025-04-04;2025;4;C455;Cuiabá;X3;280000;V4;2100000;1;0.05;14000.0;K1,K2;7500;266000.0;258500.0
2024-01-01;2024;1;C286;Cuiabá;X1;200000;V4;2100000;3;0.02;4000.0;K0;0;196000.0;196000.0
2023-03-11;2023;3;C287;Várzea Grande;X2;220000;V1;1500000;2;0.0;0.0;K1;3000;220000.0;217000.0
2023-10-22;2023;10;C075;Várzea Grande;X3;280000;V1;1500000;3;0.0;0.0;K3,K2;6500;280000.0;273500.0
2026-01-01;2026;1;C173;Várzea Grande;X3;280000;V5;2300000;1;0.05;14000.0;K3;2000;266000.0;264000.0
2023-09-25;2023;9;C155;Nova Mutum;X2;220000;V2;1700000;1;0.0;0.0;K2,K3;6500;220000.0;213500.0
2024-07-15;2024;7;C080;Cuiabá;X3;280000;V5;2300000;3;0.0;0.0;K3;2000;280000.0;278000.0
2025-03-30;2025;3;C349;Cuiabá;X2;220000;V1;1500000;2;0.02;4400.0;K0;0;215600.0;215600.0
2026-02-07;2026;2;C322;Várzea Grande;X2;220000;V4;2100000;3;0.02;4400.0;K2,K1,K3;9500;215600.0;206100.0
2025-12-16;2025;12;C071;Várzea Grande;X1;200000;V2;1700000;2;0.02;4000.0;K3,K2,K1;9500;196000.0;186500.0
2022-09-15;2022;9;C111;Cuiabá;X2;220000;V2;1700000;3;0.02;4400.0;K3,K2;6500;215600.0;209100.0
2025-03-27;2025;3;C232;Várzea Grande;X1;200000;V1;1500000;2;0.0;0.0;K0;0;200000.0;200000.0
2024-08-02;2024;8;C117;Diamantino;X2;220000;V5;2300000;2;0.05;11000.0;K2,K3,K1;9500;209000.0;199500.0
2024-06-06;2024;6;C496;Cuiabá;X2;220000;V1;1500000;1;0.02;4400.0;K3,K1,K2;9500;215600.0;206100.0
2024-07-30;2024;7;C116;Diamantino;X3;280000;V3;1900000;1;0.0;0.0;K3,K2,K1;9500;280000.0;270500.0
2025-03-01;2025;3;C410;Cuiabá;X3;280000;V4;2100000;2;0.05;14000.0;K2,K3,K1;9500;266000.0;256500.0
2025-04-26;2025;4;C271;Diamantino;X1;200000;V5;2300000;2;0.0;0.0;K3,K2,K1;9500;200000.0;190500.0
2026-04-15;2026;4;C190;Cuiabá;X1;200000;V1;1500000;2;0.0;0.0;K0;0;200000.0;200000.0
2025-05-19;2025;5;C344;Várzea Grande;X2;220000;V3;1900000;2;0.02;4400.0;K1,K3;5000;215600.0;210600.0
2024-01-10;2024;1;C265;Diamantino;X2;220000;V4;2100000;3;0.0;0.0;K3,K2,K1;9500;220000.0;210500.0
2023-05-20;2023;5;C098;Várzea Grande;X1;200000;V3;1900000;1;0.05;10000.0;K2,K3;6500;190000.0;183500.0
2022-12-08;2022;12;C137;Várzea Grande;X3;0;V1;1500000;2;0.0;0.0;K0;0;280000.0;280000.0
2023-01-03;2023;1;C273;Diamantino;X2;220000;V1;1500000;1;0.05;11000.0;K3,K2,K1;9500;209000.0;199500.0
2024-09-04;2024;9;C463;Várzea Grande;X1;200000;V2;1700000;3;0.02;4000.0;K1,K2,K3;9500;196000.0;186500.0
2026-02-09;2026;2;C023;Cuiabá;X2;220000;V4;2100000;3;0.02;4400.0;K1,K3;5000;215600.0;210600.0
2025-10-22;2025;10;C312;Cuiabá;X2;220000;V2;1700000;2;0.02;4400.0;K2,K3;6500;215600.0;209100.0
2025-09-09;2025;9;C320;Cuiabá;X1;200000;V1;1500000;1;0.02;4000.0;K0;0;196000.0;196000.0
2026-04-06;2026;4;C254;Cuiabá;X3;280000;V5;2300000;3;0.05;14000.0;K2,K1,K3;9500;266000.0;256500.0
2025-02-23;2025;2;C015;Cuiabá;X3;280000;V5;2300000;1;0.0;0.0;K3;2000;280000.0;278000.0
2026-04-11;2026;4;C485;Várzea Grande;X1;200000;V2;1700000;2;0.05;10000.0;K0;0;190000.0;190000.0
2024-08-13;2024;8;C026;Várzea Grande;X3;280000;V1;1500000;1;0.0;0.0;K2,K1,K3;9500;280000.0;270500.0
2023-07-01;2023;7;C159;Cuiabá;X2;220000;V3;1900000;2;0.02;4400.0;K1,K2,K3;9500;215600.0;206100.0
2024-09-23;2024;9;C248;Nova Mutum;X2;220000;V5;2300000;2;0.05;11000.0;K1,K3;5000;209000.0;204000.0
2024-12-11;2024;12;C391;Nova Mutum;X1;200000;V1;1500000;3;0.02;4000.0;K0;0;196000.0;196000.0
2024-11-02;2024;11;C296;Várzea Grande;X1;200000;V5;2300000;3;0.05;10000.0;K0;0;190000.0;190000.0
2025-03-23;2025;3;C193;Nova Mutum;X1;200000;V2;1700000;1;0.0;0.0;K2,K1;7500;200000.0;192500.0
2025-05-11;2025;5;C019;Várzea Grande;X3;280000;V3;1900000;2;0.0;0.0;K1,K2;7500;280000.0;272500.0
2024-05-09;2024;5;C154;Várzea Grande;X2;220000;V4;2100000;3;0.0;0.0;K2,K1;7500;220000.0;212500.0
2026-04-15;2026;4;C190;Cuiabá;X1;200000;V1;1500000;2;0.0;0.0;K0;0;200000.0;200000.0
2026-03-27;2026;3;C436;Várzea Grande;X3;280000;V5;2300000;3;0.02;5600.0;K2,K3,K1;9500;274400.0;264900.0
2026-01-17;2026;1;C194;Várzea Grande;X2;220000;V3;1900000;3;0.02;4400.0;K0;0;215600.0;215600.0
2025-08-19;2025;8;C327;Várzea Grande;X3;280000;V1;1500000;2;0.0;0.0;K0;0;280000.0;280000.0
2022-10-01;2022;10;C306;Nova Mutum;X1;200000;V2;1700000;3;0.02;4000.0;K3,K1;5000;196000.0;191000.0
2024-09-30;2024;9;C476;Nova Mutum;X3;280000;V5;2300000;2;0.0;0.0;K2;4500;280000.0;275500.0
2025-11-05;2025;11;C352;Diamantino;X2;220000;V3;1900000;2;0.0;0.0;K3,K1;5000;220000.0;215000.0
2025-10-18;2025;10;C381;Cuiabá;X3;280000;V5;2300000;1;0.0;0.0;K3,K2,K1;9500;280000.0;270500.0
